-- MySQL dump 10.13  Distrib 8.0.41, for Linux (x86_64)
--
-- Host: localhost    Database: xinyanhui
-- ------------------------------------------------------
-- Server version	8.0.41

/*!40101 SET @OLD_CHARACTER_SET_CLIENT=@@CHARACTER_SET_CLIENT */;
/*!40101 SET @OLD_CHARACTER_SET_RESULTS=@@CHARACTER_SET_RESULTS */;
/*!40101 SET @OLD_COLLATION_CONNECTION=@@COLLATION_CONNECTION */;
/*!50503 SET NAMES utf8mb4 */;
/*!40103 SET @OLD_TIME_ZONE=@@TIME_ZONE */;
/*!40103 SET TIME_ZONE='+00:00' */;
/*!40014 SET @OLD_UNIQUE_CHECKS=@@UNIQUE_CHECKS, UNIQUE_CHECKS=0 */;
/*!40014 SET @OLD_FOREIGN_KEY_CHECKS=@@FOREIGN_KEY_CHECKS, FOREIGN_KEY_CHECKS=0 */;
/*!40101 SET @OLD_SQL_MODE=@@SQL_MODE, SQL_MODE='NO_AUTO_VALUE_ON_ZERO' */;
/*!40111 SET @OLD_SQL_NOTES=@@SQL_NOTES, SQL_NOTES=0 */;

--
-- Table structure for table `Admins`
--

DROP TABLE IF EXISTS `Admins`;
/*!40101 SET @saved_cs_client     = @@character_set_client */;
/*!50503 SET character_set_client = utf8mb4 */;
CREATE TABLE `Admins` (
  `admin_id` int NOT NULL AUTO_INCREMENT,
  `username` varchar(20) NOT NULL,
  `password_HashwithSalt` varchar(255) NOT NULL,
  `salt` varchar(255) NOT NULL,
  PRIMARY KEY (`admin_id`),
  UNIQUE KEY `username` (`username`)
) ENGINE=InnoDB AUTO_INCREMENT=454 DEFAULT CHARSET=utf8mb4 COLLATE=utf8mb4_0900_ai_ci;
/*!40101 SET character_set_client = @saved_cs_client */;

--
-- Dumping data for table `Admins`
--

LOCK TABLES `Admins` WRITE;
/*!40000 ALTER TABLE `Admins` DISABLE KEYS */;
INSERT INTO `Admins` VALUES (401,'杨柳依','6PqE5nGuFeJCMy8WSirzlJC3cUde270DJHvassucMXI=','5+5bIRtBn7R81FBleEOILA=='),(406,'曾妮','lhnKb3TAdU9YAjLAk7tALanqhxkxPFQawFiAR0UsxNk=','+2n2de/ewwZUWGU3bz0bQg=='),(411,'王家沂','A0kQiEqdJMzsd2sDMPp+zFEDyIIgKrKdKUkzW4TnNF4=','kqc8ElDkDjMQUiM5YogjRw=='),(416,'林子岚','ViPX3GDqid83yxO3mRJqUSE/FR4zZU2K2NU5J7mY7RQ=','ySQCVJPlxXH2Cv89APvn+Q=='),(441,'韩希媛','+QdiOEoM0H+l+gEFb64jyuhOhrAzkQIzbHGvShHquZU=','eqMgO+MeBGu5w9mce+376g=='),(453,'刘珊珊','HMr74KJ/rhqKq16HBMgBKEKx+mZUmN2syBrWkJaGJXo=','8UrC71U+5L6iHrozV7HKkQ==');
/*!40000 ALTER TABLE `Admins` ENABLE KEYS */;
UNLOCK TABLES;

--
-- Table structure for table `Appointments`
--

DROP TABLE IF EXISTS `Appointments`;
/*!40101 SET @saved_cs_client     = @@character_set_client */;
/*!50503 SET character_set_client = utf8mb4 */;
CREATE TABLE `Appointments` (
  `appointment_id` int NOT NULL AUTO_INCREMENT,
  `user_id` int NOT NULL,
  `consultant_id` int NOT NULL,
  `appointment_date` date NOT NULL,
  `appointment_time` time NOT NULL,
  `booking_date` datetime DEFAULT CURRENT_TIMESTAMP,
  `status` enum('booked','canceled','completed') NOT NULL,
  `cancellation_time` datetime DEFAULT NULL,
  `cancellation_reason` text,
  PRIMARY KEY (`appointment_id`),
  KEY `user_id` (`user_id`),
  KEY `consultant_id` (`consultant_id`),
  CONSTRAINT `Appointments_ibfk_1` FOREIGN KEY (`user_id`) REFERENCES `Users` (`user_id`),
  CONSTRAINT `Appointments_ibfk_2` FOREIGN KEY (`consultant_id`) REFERENCES `Consultants` (`consultant_id`)
) ENGINE=InnoDB AUTO_INCREMENT=1844 DEFAULT CHARSET=utf8mb4 COLLATE=utf8mb4_0900_ai_ci;
/*!40101 SET character_set_client = @saved_cs_client */;

--
-- Dumping data for table `Appointments`
--

LOCK TABLES `Appointments` WRITE;
/*!40000 ALTER TABLE `Appointments` DISABLE KEYS */;
INSERT INTO `Appointments` VALUES (1,1,1,'2025-03-21','12:00:00','2025-03-20 00:00:00','completed',NULL,NULL),(2,1,1,'2025-03-20','11:00:00','2025-03-20 10:21:57','completed',NULL,NULL),(3,1,1,'2025-03-21','10:00:00','2025-03-20 10:23:28','completed',NULL,NULL),(4,5,3,'2025-03-21','18:00:00','2025-03-20 10:53:22','completed',NULL,NULL),(5,1,1,'2025-03-26','08:00:00','2025-03-26 08:43:53','completed',NULL,NULL),(6,2,1,'2025-03-26','09:00:00','2025-03-26 08:45:20','completed',NULL,NULL),(7,3,1,'2025-03-26','08:00:00','2025-03-26 00:00:00','completed',NULL,NULL),(8,3,2,'2025-04-03','08:00:00','2025-04-02 08:19:56','completed',NULL,NULL),(51,5,15,'2025-04-03','08:00:00','2025-04-02 08:57:50','completed',NULL,NULL),(52,5,16,'2025-04-03','08:00:00','2025-04-02 08:57:50','completed',NULL,NULL),(53,5,13,'2025-04-03','08:00:00','2025-04-02 08:57:50','completed',NULL,NULL),(54,12,14,'2025-04-03','08:00:00','2025-04-02 08:57:50','completed',NULL,NULL),(55,6,5,'2025-04-03','08:00:00','2025-04-02 08:57:50','completed',NULL,NULL),(61,8,18,'2025-04-03','09:00:00','2025-04-02 08:57:50','completed',NULL,NULL),(62,3,14,'2025-04-03','09:00:00','2025-04-02 08:57:50','completed',NULL,NULL),(66,9,11,'2025-04-03','10:00:00','2025-04-02 08:57:50','completed',NULL,NULL),(67,7,2,'2025-04-03','10:00:00','2025-04-02 08:57:50','completed',NULL,NULL),(68,12,22,'2025-04-03','10:00:00','2025-04-02 08:57:50','completed',NULL,NULL),(69,4,13,'2025-04-03','10:00:00','2025-04-02 08:57:50','completed',NULL,NULL),(70,14,2,'2025-04-03','10:00:00','2025-04-02 08:57:50','completed',NULL,NULL),(74,12,7,'2025-04-03','11:00:00','2025-04-02 08:57:50','completed',NULL,NULL),(75,14,2,'2025-04-03','11:00:00','2025-04-02 08:57:50','completed',NULL,NULL),(76,5,8,'2025-04-03','11:00:00','2025-04-02 08:57:50','completed',NULL,NULL),(77,10,13,'2025-04-03','11:00:00','2025-04-02 08:57:50','completed',NULL,NULL),(78,2,1,'2025-04-03','13:00:00','2025-04-02 08:57:50','completed',NULL,NULL),(79,10,12,'2025-04-03','13:00:00','2025-04-02 08:57:50','completed',NULL,NULL),(80,5,7,'2025-04-03','13:00:00','2025-04-02 08:57:50','completed',NULL,NULL),(83,13,14,'2025-04-03','14:00:00','2025-04-02 08:57:50','completed',NULL,NULL),(84,5,17,'2025-04-03','14:00:00','2025-04-02 08:57:50','completed',NULL,NULL),(89,6,3,'2025-04-03','15:00:00','2025-04-02 08:57:50','completed',NULL,NULL),(90,6,15,'2025-04-03','15:00:00','2025-04-02 08:57:50','completed',NULL,NULL),(91,1,6,'2025-04-03','15:00:00','2025-04-02 08:57:50','completed',NULL,NULL),(92,1,10,'2025-04-03','15:00:00','2025-04-02 08:57:50','completed',NULL,NULL),(93,14,13,'2025-04-03','15:00:00','2025-04-02 08:57:50','completed',NULL,NULL),(99,3,4,'2025-04-03','16:00:00','2025-04-02 08:57:50','completed',NULL,NULL),(100,2,5,'2025-04-03','16:00:00','2025-04-02 08:57:50','completed',NULL,NULL),(101,11,17,'2025-04-04','08:00:00','2025-04-02 08:57:50','completed',NULL,NULL),(102,6,21,'2025-04-04','08:00:00','2025-04-02 08:57:51','completed',NULL,NULL),(103,3,4,'2025-04-04','08:00:00','2025-04-02 08:57:51','completed',NULL,NULL),(104,4,20,'2025-04-04','08:00:00','2025-04-02 08:57:51','completed',NULL,NULL),(107,13,4,'2025-04-04','09:00:00','2025-04-02 08:57:51','completed',NULL,NULL),(108,1,18,'2025-04-04','09:00:00','2025-04-02 08:57:51','completed',NULL,NULL),(109,11,11,'2025-04-04','09:00:00','2025-04-02 08:57:51','completed',NULL,NULL),(111,13,6,'2025-04-04','10:00:00','2025-04-02 08:57:51','completed',NULL,NULL),(115,8,18,'2025-04-04','11:00:00','2025-04-02 08:57:51','completed',NULL,NULL),(116,4,23,'2025-04-04','11:00:00','2025-04-02 08:57:51','completed',NULL,NULL),(117,7,23,'2025-04-04','13:00:00','2025-04-02 08:57:51','completed',NULL,NULL),(122,5,5,'2025-04-04','14:00:00','2025-04-02 08:57:51','completed',NULL,NULL),(123,3,4,'2025-04-04','14:00:00','2025-04-02 08:57:51','completed',NULL,NULL),(124,3,14,'2025-04-04','14:00:00','2025-04-02 08:57:51','completed',NULL,NULL),(127,14,20,'2025-04-04','15:00:00','2025-04-02 08:57:51','completed',NULL,NULL),(128,3,11,'2025-04-04','15:00:00','2025-04-02 08:57:51','completed',NULL,NULL),(129,10,21,'2025-04-04','15:00:00','2025-04-02 08:57:51','completed',NULL,NULL),(130,9,5,'2025-04-04','15:00:00','2025-04-02 08:57:51','completed',NULL,NULL),(132,13,19,'2025-04-04','16:00:00','2025-04-02 08:57:51','completed',NULL,NULL),(133,6,11,'2025-04-04','16:00:00','2025-04-02 08:57:51','completed',NULL,NULL),(134,4,16,'2025-04-04','16:00:00','2025-04-02 08:57:51','completed',NULL,NULL),(135,13,3,'2025-04-05','08:00:00','2025-04-02 08:57:51','completed',NULL,NULL),(136,12,20,'2025-04-05','08:00:00','2025-04-02 08:57:51','completed',NULL,NULL),(137,11,3,'2025-04-05','08:00:00','2025-04-02 08:57:51','completed',NULL,NULL),(138,6,15,'2025-04-05','08:00:00','2025-04-02 08:57:51','completed',NULL,NULL),(144,12,7,'2025-04-05','09:00:00','2025-04-02 08:57:51','completed',NULL,NULL),(145,14,21,'2025-04-05','09:00:00','2025-04-02 08:57:51','completed',NULL,NULL),(146,8,4,'2025-04-05','09:00:00','2025-04-02 08:57:51','completed',NULL,NULL),(147,1,16,'2025-04-05','09:00:00','2025-04-02 08:57:51','completed',NULL,NULL),(148,5,13,'2025-04-05','09:00:00','2025-04-02 08:57:51','completed',NULL,NULL),(154,3,14,'2025-04-05','10:00:00','2025-04-02 08:57:51','completed',NULL,NULL),(155,8,18,'2025-04-05','10:00:00','2025-04-02 08:57:51','completed',NULL,NULL),(158,1,15,'2025-04-05','11:00:00','2025-04-02 08:57:51','completed',NULL,NULL),(159,1,8,'2025-04-05','11:00:00','2025-04-02 08:57:51','completed',NULL,NULL),(160,7,8,'2025-04-05','11:00:00','2025-04-02 08:57:51','completed',NULL,NULL),(161,14,9,'2025-04-05','13:00:00','2025-04-02 08:57:51','completed',NULL,NULL),(167,7,13,'2025-04-05','14:00:00','2025-04-02 08:57:51','completed',NULL,NULL),(168,4,19,'2025-04-05','14:00:00','2025-04-02 08:57:51','completed',NULL,NULL),(170,3,1,'2025-04-05','15:00:00','2025-04-02 08:57:51','completed',NULL,NULL),(171,7,9,'2025-04-05','15:00:00','2025-04-02 08:57:51','completed',NULL,NULL),(174,11,8,'2025-04-05','16:00:00','2025-04-02 08:57:51','completed',NULL,NULL),(175,4,20,'2025-04-06','08:00:00','2025-04-02 08:57:51','completed',NULL,NULL),(176,8,4,'2025-04-06','08:00:00','2025-04-02 08:57:51','completed',NULL,NULL),(177,3,7,'2025-04-06','08:00:00','2025-04-02 08:57:51','completed',NULL,NULL),(179,8,20,'2025-04-06','09:00:00','2025-04-02 08:57:51','completed',NULL,NULL),(180,10,17,'2025-04-06','09:00:00','2025-04-02 08:57:51','completed',NULL,NULL),(181,10,2,'2025-04-06','09:00:00','2025-04-02 08:57:51','completed',NULL,NULL),(185,2,21,'2025-04-06','10:00:00','2025-04-02 08:57:51','completed',NULL,NULL),(187,3,14,'2025-04-06','11:00:00','2025-04-02 08:57:51','completed',NULL,NULL),(188,7,16,'2025-04-06','11:00:00','2025-04-02 08:57:51','completed',NULL,NULL),(189,7,13,'2025-04-06','13:00:00','2025-04-02 08:57:51','completed',NULL,NULL),(190,7,16,'2025-04-06','13:00:00','2025-04-02 08:57:51','completed',NULL,NULL),(191,1,23,'2025-04-06','13:00:00','2025-04-02 08:57:51','completed',NULL,NULL),(192,12,4,'2025-04-06','13:00:00','2025-04-02 08:57:51','completed',NULL,NULL),(193,6,11,'2025-04-06','13:00:00','2025-04-02 08:57:51','completed',NULL,NULL),(195,6,12,'2025-04-06','14:00:00','2025-04-02 08:57:51','completed',NULL,NULL),(196,4,20,'2025-04-06','14:00:00','2025-04-02 08:57:51','completed',NULL,NULL),(197,7,21,'2025-04-06','14:00:00','2025-04-02 08:57:51','completed',NULL,NULL),(198,1,10,'2025-04-06','14:00:00','2025-04-02 08:57:51','completed',NULL,NULL),(199,1,20,'2025-04-06','14:00:00','2025-04-02 08:57:51','completed',NULL,NULL),(202,5,18,'2025-04-06','15:00:00','2025-04-02 08:57:51','completed',NULL,NULL),(203,11,12,'2025-04-06','15:00:00','2025-04-02 08:57:51','completed',NULL,NULL),(206,13,2,'2025-04-06','16:00:00','2025-04-02 08:57:51','completed',NULL,NULL),(207,10,9,'2025-04-06','16:00:00','2025-04-02 08:57:51','completed',NULL,NULL),(208,9,2,'2025-04-06','16:00:00','2025-04-02 08:57:51','completed',NULL,NULL),(209,8,7,'2025-04-06','16:00:00','2025-04-02 08:57:51','completed',NULL,NULL),(210,1,4,'2025-04-07','08:00:00','2025-04-02 08:57:51','completed',NULL,NULL),(211,11,10,'2025-04-07','08:00:00','2025-04-02 08:57:51','completed',NULL,NULL),(212,9,1,'2025-04-07','08:00:00','2025-04-02 08:57:51','completed',NULL,NULL),(213,2,14,'2025-04-07','08:00:00','2025-04-02 08:57:51','completed',NULL,NULL),(214,8,23,'2025-04-07','08:00:00','2025-04-02 08:57:51','completed',NULL,NULL),(217,2,5,'2025-04-07','09:00:00','2025-04-02 08:57:51','completed',NULL,NULL),(218,9,9,'2025-04-07','09:00:00','2025-04-02 08:57:51','completed',NULL,NULL),(219,1,2,'2025-04-07','09:00:00','2025-04-02 08:57:51','completed',NULL,NULL),(220,3,20,'2025-04-07','09:00:00','2025-04-02 08:57:51','completed',NULL,NULL),(221,11,23,'2025-04-07','09:00:00','2025-04-02 08:57:51','completed',NULL,NULL),(226,13,1,'2025-04-07','10:00:00','2025-04-02 08:57:51','completed',NULL,NULL),(229,3,4,'2025-04-07','11:00:00','2025-04-02 08:57:51','completed',NULL,NULL),(230,2,2,'2025-04-07','11:00:00','2025-04-02 08:57:51','completed',NULL,NULL),(231,14,16,'2025-04-07','11:00:00','2025-04-02 08:57:51','completed',NULL,NULL),(232,6,3,'2025-04-07','11:00:00','2025-04-02 08:57:51','completed',NULL,NULL),(233,4,2,'2025-04-07','11:00:00','2025-04-02 08:57:51','completed',NULL,NULL),(234,4,16,'2025-04-07','13:00:00','2025-04-02 08:57:51','completed',NULL,NULL),(235,10,7,'2025-04-07','13:00:00','2025-04-02 08:57:51','completed',NULL,NULL),(236,7,15,'2025-04-07','13:00:00','2025-04-02 08:57:51','completed',NULL,NULL),(240,13,18,'2025-04-07','14:00:00','2025-04-02 08:57:51','completed',NULL,NULL),(241,2,7,'2025-04-07','14:00:00','2025-04-02 08:57:51','completed',NULL,NULL),(242,14,3,'2025-04-07','14:00:00','2025-04-02 08:57:51','completed',NULL,NULL),(243,8,11,'2025-04-07','14:00:00','2025-04-02 08:57:51','completed',NULL,NULL),(248,2,2,'2025-04-07','15:00:00','2025-04-02 08:57:51','completed',NULL,NULL),(249,14,14,'2025-04-07','15:00:00','2025-04-02 08:57:51','completed',NULL,NULL),(250,1,8,'2025-04-07','15:00:00','2025-04-02 08:57:51','completed',NULL,NULL),(254,9,14,'2025-04-07','16:00:00','2025-04-02 08:57:51','completed',NULL,NULL),(255,4,16,'2025-04-08','08:00:00','2025-04-02 08:57:51','completed',NULL,NULL),(256,9,23,'2025-04-08','08:00:00','2025-04-02 08:57:51','completed',NULL,NULL),(258,4,23,'2025-04-08','09:00:00','2025-04-02 08:57:51','completed',NULL,NULL),(259,1,5,'2025-04-08','09:00:00','2025-04-02 08:57:51','completed',NULL,NULL),(260,14,3,'2025-04-08','09:00:00','2025-04-02 08:57:51','completed',NULL,NULL),(265,7,21,'2025-04-08','10:00:00','2025-04-02 08:57:51','completed',NULL,NULL),(266,1,13,'2025-04-08','10:00:00','2025-04-02 08:57:51','completed',NULL,NULL),(267,9,13,'2025-04-08','10:00:00','2025-04-02 08:57:51','completed',NULL,NULL),(268,11,3,'2025-04-08','10:00:00','2025-04-02 08:57:51','completed',NULL,NULL),(272,13,15,'2025-04-08','11:00:00','2025-04-02 08:57:51','completed',NULL,NULL),(273,6,3,'2025-04-08','11:00:00','2025-04-02 08:57:51','completed',NULL,NULL),(274,6,13,'2025-04-08','11:00:00','2025-04-02 08:57:51','completed',NULL,NULL),(275,9,9,'2025-04-08','11:00:00','2025-04-02 08:57:51','completed',NULL,NULL),(276,1,22,'2025-04-08','11:00:00','2025-04-02 08:57:51','completed',NULL,NULL),(277,6,1,'2025-04-08','13:00:00','2025-04-02 08:57:51','completed',NULL,NULL),(278,14,19,'2025-04-08','13:00:00','2025-04-02 08:57:51','completed',NULL,NULL),(279,1,18,'2025-04-08','13:00:00','2025-04-02 08:57:51','completed',NULL,NULL),(280,11,8,'2025-04-08','13:00:00','2025-04-02 08:57:51','completed',NULL,NULL),(284,11,21,'2025-04-08','14:00:00','2025-04-02 08:57:51','completed',NULL,NULL),(285,5,18,'2025-04-08','14:00:00','2025-04-02 08:57:51','completed',NULL,NULL),(286,14,13,'2025-04-08','14:00:00','2025-04-02 08:57:51','completed',NULL,NULL),(287,11,6,'2025-04-08','14:00:00','2025-04-02 08:57:51','completed',NULL,NULL),(288,14,3,'2025-04-08','14:00:00','2025-04-02 08:57:51','completed',NULL,NULL),(292,13,22,'2025-04-08','15:00:00','2025-04-02 08:57:51','completed',NULL,NULL),(293,14,3,'2025-04-08','15:00:00','2025-04-02 08:57:51','completed',NULL,NULL),(294,10,20,'2025-04-08','15:00:00','2025-04-02 08:57:51','completed',NULL,NULL),(297,9,7,'2025-04-08','16:00:00','2025-04-02 08:57:51','completed',NULL,NULL),(298,8,20,'2025-04-08','16:00:00','2025-04-02 08:57:51','completed',NULL,NULL),(299,9,14,'2025-04-08','16:00:00','2025-04-02 08:57:51','completed',NULL,NULL),(300,1,9,'2025-04-08','16:00:00','2025-04-02 08:57:51','completed',NULL,NULL),(301,2,22,'2025-04-09','08:00:00','2025-04-02 08:57:51','completed',NULL,NULL),(302,5,22,'2025-04-09','08:00:00','2025-04-02 08:57:51','completed',NULL,NULL),(304,9,4,'2025-04-09','08:00:00','2025-04-02 08:57:51','completed',NULL,NULL),(305,13,23,'2025-04-09','08:00:00','2025-04-02 08:57:51','completed',NULL,NULL),(309,10,22,'2025-04-09','09:00:00','2025-04-02 08:57:51','completed',NULL,NULL),(310,7,12,'2025-04-09','09:00:00','2025-04-02 08:57:51','completed',NULL,NULL),(311,3,8,'2025-04-09','09:00:00','2025-04-02 08:57:51','completed',NULL,NULL),(313,14,1,'2025-04-09','10:00:00','2025-04-02 08:57:51','completed',NULL,NULL),(314,4,5,'2025-04-09','10:00:00','2025-04-02 08:57:52','completed',NULL,NULL),(315,2,2,'2025-04-09','10:00:00','2025-04-02 08:57:52','completed',NULL,NULL),(316,1,22,'2025-04-09','10:00:00','2025-04-02 08:57:52','completed',NULL,NULL),(317,10,10,'2025-04-09','10:00:00','2025-04-02 08:57:52','completed',NULL,NULL),(319,10,7,'2025-04-09','11:00:00','2025-04-02 08:57:52','completed',NULL,NULL),(321,5,17,'2025-04-09','11:00:00','2025-04-02 08:57:52','completed',NULL,NULL),(322,9,21,'2025-04-09','11:00:00','2025-04-02 08:57:52','completed',NULL,NULL),(323,12,20,'2025-04-09','13:00:00','2025-04-02 08:57:52','completed',NULL,NULL),(325,9,4,'2025-04-09','13:00:00','2025-04-02 08:57:52','completed',NULL,NULL),(326,1,13,'2025-04-09','13:00:00','2025-04-02 08:57:52','completed',NULL,NULL),(331,11,6,'2025-04-09','14:00:00','2025-04-02 08:57:52','completed',NULL,NULL),(332,13,15,'2025-04-09','14:00:00','2025-04-02 08:57:52','completed',NULL,NULL),(333,8,17,'2025-04-09','14:00:00','2025-04-02 08:57:52','completed',NULL,NULL),(334,1,2,'2025-04-09','14:00:00','2025-04-02 08:57:52','completed',NULL,NULL),(335,2,9,'2025-04-09','14:00:00','2025-04-02 08:57:52','completed',NULL,NULL),(339,5,20,'2025-04-09','15:00:00','2025-04-02 08:57:52','completed',NULL,NULL),(340,2,2,'2025-04-09','15:00:00','2025-04-02 08:57:52','completed',NULL,NULL),(341,1,2,'2025-04-09','15:00:00','2025-04-02 08:57:52','completed',NULL,NULL),(343,13,22,'2025-04-09','15:00:00','2025-04-02 08:57:52','completed',NULL,NULL),(345,2,17,'2025-04-09','16:00:00','2025-04-02 08:57:52','completed',NULL,NULL),(346,4,2,'2025-04-09','16:00:00','2025-04-02 08:57:52','completed',NULL,NULL),(347,2,13,'2025-04-10','08:00:00','2025-04-02 08:57:52','completed',NULL,NULL),(348,7,12,'2025-04-10','08:00:00','2025-04-02 08:57:52','completed',NULL,NULL),(349,4,17,'2025-04-10','08:00:00','2025-04-02 08:57:52','completed',NULL,NULL),(350,12,21,'2025-04-10','08:00:00','2025-04-02 08:57:52','completed',NULL,NULL),(352,4,16,'2025-04-10','09:00:00','2025-04-02 08:57:52','completed',NULL,NULL),(357,3,13,'2025-04-10','10:00:00','2025-04-02 08:57:52','booked',NULL,NULL),(358,1,14,'2025-04-10','10:00:00','2025-04-02 08:57:52','booked',NULL,NULL),(359,12,12,'2025-04-10','10:00:00','2025-04-02 08:57:52','booked',NULL,NULL),(360,13,2,'2025-04-10','10:00:00','2025-04-02 08:57:52','booked',NULL,NULL),(361,8,15,'2025-04-10','10:00:00','2025-04-02 08:57:52','booked',NULL,NULL),(365,9,5,'2025-04-10','11:00:00','2025-04-02 08:57:52','booked',NULL,NULL),(366,2,4,'2025-04-10','11:00:00','2025-04-02 08:57:52','booked',NULL,NULL),(367,4,19,'2025-04-10','11:00:00','2025-04-02 08:57:52','booked',NULL,NULL),(368,5,7,'2025-04-10','11:00:00','2025-04-02 08:57:52','booked',NULL,NULL),(370,14,13,'2025-04-10','13:00:00','2025-04-02 08:57:52','booked',NULL,NULL),(376,7,23,'2025-04-10','14:00:00','2025-04-02 08:57:52','booked',NULL,NULL),(380,6,11,'2025-04-10','15:00:00','2025-04-02 08:57:52','booked',NULL,NULL),(381,2,5,'2025-04-10','15:00:00','2025-04-02 08:57:52','booked',NULL,NULL),(382,8,6,'2025-04-10','15:00:00','2025-04-02 08:57:52','booked',NULL,NULL),(383,7,16,'2025-04-10','15:00:00','2025-04-02 08:57:52','booked',NULL,NULL),(384,1,2,'2025-04-10','15:00:00','2025-04-02 08:57:52','booked',NULL,NULL),(386,6,10,'2025-04-10','16:00:00','2025-04-02 08:57:52','booked',NULL,NULL),(387,14,11,'2025-04-10','16:00:00','2025-04-02 08:57:52','booked',NULL,NULL),(388,7,1,'2025-04-10','16:00:00','2025-04-02 08:57:52','booked',NULL,NULL),(389,10,10,'2025-04-10','16:00:00','2025-04-02 08:57:52','booked',NULL,NULL),(390,5,23,'2025-04-11','08:00:00','2025-04-02 08:57:52','booked',NULL,NULL),(391,13,15,'2025-04-11','08:00:00','2025-04-02 08:57:52','booked',NULL,NULL),(392,6,5,'2025-04-11','08:00:00','2025-04-02 08:57:52','booked',NULL,NULL),(393,10,17,'2025-04-11','08:00:00','2025-04-02 08:57:52','booked',NULL,NULL),(394,9,22,'2025-04-11','08:00:00','2025-04-02 08:57:52','booked',NULL,NULL),(400,9,6,'2025-04-11','09:00:00','2025-04-02 08:57:52','booked',NULL,NULL),(401,6,2,'2025-04-11','09:00:00','2025-04-02 08:57:52','booked',NULL,NULL),(404,9,3,'2025-04-11','10:00:00','2025-04-02 08:57:52','booked',NULL,NULL),(405,10,3,'2025-04-11','10:00:00','2025-04-02 08:57:52','booked',NULL,NULL),(406,8,7,'2025-04-11','10:00:00','2025-04-02 08:57:52','booked',NULL,NULL),(407,12,4,'2025-04-11','10:00:00','2025-04-02 08:57:52','booked',NULL,NULL),(410,10,23,'2025-04-11','11:00:00','2025-04-02 08:57:52','booked',NULL,NULL),(411,12,5,'2025-04-11','11:00:00','2025-04-02 08:57:52','booked',NULL,NULL),(412,7,17,'2025-04-11','11:00:00','2025-04-02 08:57:52','booked',NULL,NULL),(413,14,8,'2025-04-11','13:00:00','2025-04-02 08:57:52','booked',NULL,NULL),(414,8,19,'2025-04-11','13:00:00','2025-04-02 08:57:52','booked',NULL,NULL),(417,8,22,'2025-04-11','14:00:00','2025-04-02 08:57:52','booked',NULL,NULL),(418,3,1,'2025-04-11','14:00:00','2025-04-02 08:57:52','booked',NULL,NULL),(419,9,22,'2025-04-11','14:00:00','2025-04-02 08:57:52','booked',NULL,NULL),(425,3,16,'2025-04-11','15:00:00','2025-04-02 08:57:52','booked',NULL,NULL),(426,13,7,'2025-04-11','15:00:00','2025-04-02 08:57:52','booked',NULL,NULL),(427,12,5,'2025-04-11','15:00:00','2025-04-02 08:57:52','booked',NULL,NULL),(428,7,18,'2025-04-11','15:00:00','2025-04-02 08:57:52','booked',NULL,NULL),(432,10,11,'2025-04-11','16:00:00','2025-04-02 08:57:52','booked',NULL,NULL),(433,2,9,'2025-04-12','08:00:00','2025-04-02 08:57:52','booked',NULL,NULL),(437,6,2,'2025-04-12','09:00:00','2025-04-02 08:57:52','booked',NULL,NULL),(438,3,17,'2025-04-12','09:00:00','2025-04-02 08:57:52','booked',NULL,NULL),(439,1,22,'2025-04-12','09:00:00','2025-04-02 08:57:52','canceled','2025-04-09 10:14:54','临时有事'),(440,8,22,'2025-04-12','09:00:00','2025-04-02 08:57:52','booked',NULL,NULL),(442,6,9,'2025-04-12','10:00:00','2025-04-02 08:57:52','booked',NULL,NULL),(443,9,20,'2025-04-12','10:00:00','2025-04-02 08:57:52','booked',NULL,NULL),(444,7,19,'2025-04-12','10:00:00','2025-04-02 08:57:52','booked',NULL,NULL),(446,11,9,'2025-04-12','10:00:00','2025-04-02 08:57:52','booked',NULL,NULL),(450,6,4,'2025-04-12','11:00:00','2025-04-02 08:57:52','booked',NULL,NULL),(451,11,6,'2025-04-12','11:00:00','2025-04-02 08:57:52','booked',NULL,NULL),(452,12,11,'2025-04-12','13:00:00','2025-04-02 08:57:52','booked',NULL,NULL),(453,11,7,'2025-04-12','13:00:00','2025-04-02 08:57:52','booked',NULL,NULL),(454,5,14,'2025-04-12','13:00:00','2025-04-02 08:57:52','booked',NULL,NULL),(455,2,19,'2025-04-12','13:00:00','2025-04-02 08:57:52','booked',NULL,NULL),(456,9,15,'2025-04-12','13:00:00','2025-04-02 08:57:52','booked',NULL,NULL),(459,9,1,'2025-04-12','14:00:00','2025-04-02 08:57:52','booked',NULL,NULL),(462,13,14,'2025-04-12','15:00:00','2025-04-02 08:57:52','booked',NULL,NULL),(463,3,3,'2025-04-12','15:00:00','2025-04-02 08:57:52','booked',NULL,NULL),(465,5,12,'2025-04-12','16:00:00','2025-04-02 08:57:52','booked',NULL,NULL),(466,8,1,'2025-04-12','16:00:00','2025-04-02 08:57:52','booked',NULL,NULL),(468,13,6,'2025-04-12','16:00:00','2025-04-02 08:57:52','booked',NULL,NULL),(469,13,22,'2025-04-13','08:00:00','2025-04-02 08:57:52','booked',NULL,NULL),(470,1,10,'2025-04-13','08:00:00','2025-04-02 08:57:52','booked',NULL,NULL),(471,14,12,'2025-04-13','08:00:00','2025-04-02 08:57:52','booked',NULL,NULL),(475,1,22,'2025-04-13','09:00:00','2025-04-02 08:57:52','booked',NULL,NULL),(476,9,4,'2025-04-13','09:00:00','2025-04-02 08:57:52','booked',NULL,NULL),(478,4,20,'2025-04-13','10:00:00','2025-04-02 08:57:52','booked',NULL,NULL),(479,8,23,'2025-04-13','10:00:00','2025-04-02 08:57:52','booked',NULL,NULL),(481,7,2,'2025-04-13','10:00:00','2025-04-02 08:57:52','booked',NULL,NULL),(482,14,12,'2025-04-13','10:00:00','2025-04-02 08:57:52','booked',NULL,NULL),(486,2,23,'2025-04-13','11:00:00','2025-04-02 08:57:52','booked',NULL,NULL),(487,9,3,'2025-04-13','11:00:00','2025-04-02 08:57:52','booked',NULL,NULL),(488,11,11,'2025-04-13','11:00:00','2025-04-02 08:57:52','booked',NULL,NULL),(489,1,17,'2025-04-13','11:00:00','2025-04-02 08:57:52','booked',NULL,NULL),(490,7,7,'2025-04-13','11:00:00','2025-04-02 08:57:52','booked',NULL,NULL),(491,14,1,'2025-04-13','13:00:00','2025-04-02 08:57:52','booked',NULL,NULL),(492,4,2,'2025-04-13','13:00:00','2025-04-02 08:57:52','booked',NULL,NULL),(493,10,6,'2025-04-13','13:00:00','2025-04-02 08:57:52','booked',NULL,NULL),(494,3,2,'2025-04-13','13:00:00','2025-04-02 08:57:52','booked',NULL,NULL),(495,13,6,'2025-04-13','13:00:00','2025-04-02 08:57:52','booked',NULL,NULL),(499,1,7,'2025-04-13','14:00:00','2025-04-02 08:57:52','booked',NULL,NULL),(500,4,9,'2025-04-13','14:00:00','2025-04-02 08:57:52','booked',NULL,NULL),(501,2,10,'2025-04-13','14:00:00','2025-04-02 08:57:52','booked',NULL,NULL),(502,11,12,'2025-04-13','14:00:00','2025-04-02 08:57:52','booked',NULL,NULL),(505,1,15,'2025-04-13','15:00:00','2025-04-02 08:57:52','booked',NULL,NULL),(507,9,3,'2025-04-13','15:00:00','2025-04-02 08:57:52','booked',NULL,NULL),(508,10,21,'2025-04-13','15:00:00','2025-04-02 08:57:52','booked',NULL,NULL),(513,5,11,'2025-04-13','16:00:00','2025-04-02 08:57:52','booked',NULL,NULL),(1823,15,14,'2025-04-07','13:00:00','2025-04-06 21:37:42','completed',NULL,NULL),(1824,5,8,'2025-04-09','10:00:00','2025-04-06 21:57:28','completed',NULL,NULL),(1825,6,8,'2025-04-09','10:00:00','2025-04-06 21:57:36','completed',NULL,NULL),(1826,7,8,'2025-04-09','10:00:00','2025-04-06 21:57:48','completed',NULL,NULL),(1827,8,8,'2025-04-09','10:00:00','2025-04-06 21:57:53','completed',NULL,NULL),(1828,9,8,'2025-04-09','10:00:00','2025-04-06 21:57:57','completed',NULL,NULL),(1829,11,8,'2025-04-09','11:00:00','2025-04-06 22:02:51','completed',NULL,NULL),(1830,13,8,'2025-04-09','11:00:00','2025-04-06 22:03:00','completed',NULL,NULL),(1831,13,8,'2025-04-09','09:00:00','2025-04-06 23:09:54','completed',NULL,NULL),(1832,8,17,'2025-04-09','14:00:00','2025-04-02 08:57:52','canceled','2025-04-06 23:56:21','临时有事'),(1833,6,1,'2025-04-08','13:00:00','2025-04-02 08:57:51','canceled','2025-04-06 23:58:43',NULL),(1834,54,1,'2025-04-09','08:00:00','2025-04-07 21:52:55','completed',NULL,NULL),(1835,51,1,'2025-04-09','08:00:00','2025-04-08 13:34:27','canceled','2025-04-08 13:53:37','用户主动取消预约'),(1836,51,1,'2025-04-09','09:00:00','2025-04-08 14:43:24','canceled','2025-04-08 16:17:39','不想预约了'),(1837,51,1,'2025-04-09','10:00:00','2025-04-08 14:43:29','canceled','2025-04-08 16:21:14','临时有事'),(1838,51,19,'2025-04-10','09:00:00','2025-04-08 14:43:36','completed',NULL,NULL),(1839,51,19,'2025-04-10','10:00:00','2025-04-08 14:43:39','booked',NULL,NULL),(1840,51,6,'2025-04-11','08:00:00','2025-04-08 16:21:33','booked',NULL,NULL);
/*!40000 ALTER TABLE `Appointments` ENABLE KEYS */;
UNLOCK TABLES;

--
-- Temporary view structure for view `ConsultantDailyAvailability`
--

DROP TABLE IF EXISTS `ConsultantDailyAvailability`;
/*!50001 DROP VIEW IF EXISTS `ConsultantDailyAvailability`*/;
SET @saved_cs_client     = @@character_set_client;
/*!50503 SET character_set_client = utf8mb4 */;
/*!50001 CREATE VIEW `ConsultantDailyAvailability` AS SELECT 
 1 AS `consultant_id`,
 1 AS `available_date`,
 1 AS `hour_8_available`,
 1 AS `hour_9_available`,
 1 AS `hour_10_available`,
 1 AS `hour_11_available`,
 1 AS `hour_12_available`,
 1 AS `hour_13_available`,
 1 AS `hour_14_available`,
 1 AS `hour_15_available`,
 1 AS `hour_16_available`,
 1 AS `hour_17_available`*/;
SET character_set_client = @saved_cs_client;

--
-- Table structure for table `ConsultantSchedules`
--

DROP TABLE IF EXISTS `ConsultantSchedules`;
/*!40101 SET @saved_cs_client     = @@character_set_client */;
/*!50503 SET character_set_client = utf8mb4 */;
CREATE TABLE `ConsultantSchedules` (
  `schedule_id` int NOT NULL AUTO_INCREMENT,
  `consultant_id` int NOT NULL,
  `available_date` date NOT NULL,
  `start_time` int NOT NULL,
  `end_time` int NOT NULL,
  `slot_capacity` int DEFAULT '5',
  `status` enum('normal','request','leave') NOT NULL DEFAULT 'normal' COMMENT '正常，申请（请假），请假',
  `note` varchar(255) DEFAULT NULL,
  PRIMARY KEY (`schedule_id`),
  KEY `consultant_id` (`consultant_id`),
  CONSTRAINT `ConsultantSchedules_ibfk_1` FOREIGN KEY (`consultant_id`) REFERENCES `Consultants` (`consultant_id`),
  CONSTRAINT `ConsultantSchedules_chk_1` CHECK (((`start_time` >= 0) and (`start_time` <= 24))),
  CONSTRAINT `ConsultantSchedules_chk_2` CHECK (((`end_time` >= 0) and (`end_time` <= 24)))
) ENGINE=InnoDB AUTO_INCREMENT=2357 DEFAULT CHARSET=utf8mb4 COLLATE=utf8mb4_0900_ai_ci;
/*!40101 SET character_set_client = @saved_cs_client */;

--
-- Dumping data for table `ConsultantSchedules`
--

LOCK TABLES `ConsultantSchedules` WRITE;
/*!40000 ALTER TABLE `ConsultantSchedules` DISABLE KEYS */;
INSERT INTO `ConsultantSchedules` VALUES (1,1,'2025-03-19',8,20,5,'normal',NULL),(3,1,'2025-03-20',12,15,5,'request','Date: 2025-03-20, Time: 12, Reason: 临时有事'),(5,5,'2025-03-21',13,18,5,'normal',NULL),(6,3,'2025-03-21',12,20,5,'normal',NULL),(7,1,'2025-03-26',8,12,5,'normal',NULL),(8,1,'2025-03-26',13,17,5,'normal',NULL),(9,1,'2025-03-27',8,12,5,'normal',NULL),(10,2,'2025-03-26',8,12,5,'normal',NULL),(11,2,'2025-03-27',8,12,5,'normal',NULL),(12,2,'2025-03-27',13,17,5,'normal',NULL),(13,3,'2025-03-26',8,12,5,'normal',NULL),(14,3,'2025-03-27',8,12,5,'normal',NULL),(15,4,'2025-03-26',13,17,5,'normal',NULL),(16,4,'2025-03-27',13,17,5,'normal',NULL),(17,5,'2025-03-26',8,12,5,'normal',NULL),(18,5,'2025-03-27',13,17,5,'normal',NULL),(19,6,'2025-03-26',13,17,5,'normal',NULL),(20,6,'2025-03-27',8,12,5,'normal',NULL),(21,7,'2025-03-26',8,12,5,'normal',NULL),(22,7,'2025-03-26',13,17,5,'normal',NULL),(23,7,'2025-03-27',8,12,5,'normal',NULL),(24,7,'2025-03-27',13,17,5,'normal',NULL),(25,1,'2025-03-31',8,12,5,'normal',NULL),(26,1,'2025-03-31',13,17,5,'normal',NULL),(27,1,'2025-04-01',8,12,5,'normal',NULL),(28,1,'2025-03-21',8,12,5,'normal',NULL),(29,1,'2025-03-20',8,12,5,'normal',NULL),(31,2,'2025-04-03',8,12,5,'normal',NULL),(32,15,'2025-04-02',8,12,5,'normal',NULL),(33,11,'2025-04-02',8,12,5,'normal',NULL),(34,21,'2025-04-02',8,12,5,'normal',NULL),(35,23,'2025-04-02',8,12,5,'normal',NULL),(36,5,'2025-04-02',8,12,5,'normal',NULL),(37,16,'2025-04-02',8,12,5,'normal',NULL),(39,8,'2025-04-02',8,12,5,'normal',NULL),(40,14,'2025-04-02',8,12,5,'normal',NULL),(42,7,'2025-04-02',8,12,5,'normal',NULL),(43,22,'2025-04-02',13,17,5,'normal',NULL),(44,23,'2025-04-02',13,17,5,'normal',NULL),(45,8,'2025-04-02',13,17,5,'normal',NULL),(47,2,'2025-04-02',13,17,5,'normal',NULL),(48,1,'2025-04-02',13,17,5,'normal',NULL),(50,5,'2025-04-02',13,17,5,'normal',NULL),(51,9,'2025-04-02',13,17,5,'normal',NULL),(52,15,'2025-04-02',13,17,5,'normal',NULL),(53,10,'2025-04-02',13,17,5,'normal',NULL),(55,20,'2025-04-02',13,17,5,'normal',NULL),(56,15,'2025-04-03',8,12,5,'normal',NULL),(57,16,'2025-04-03',8,12,5,'normal',NULL),(58,13,'2025-04-03',8,12,5,'normal',NULL),(59,14,'2025-04-03',8,12,5,'normal',NULL),(60,5,'2025-04-03',8,12,5,'normal',NULL),(61,18,'2025-04-03',8,12,5,'normal',NULL),(63,11,'2025-04-03',8,12,5,'normal',NULL),(65,22,'2025-04-03',8,12,5,'normal',NULL),(68,7,'2025-04-03',8,12,5,'normal',NULL),(70,8,'2025-04-03',8,12,5,'normal',NULL),(72,1,'2025-04-03',13,17,5,'normal',NULL),(73,12,'2025-04-03',13,17,5,'normal',NULL),(74,7,'2025-04-03',13,17,5,'normal',NULL),(75,14,'2025-04-03',13,17,5,'normal',NULL),(76,17,'2025-04-03',13,17,5,'normal',NULL),(77,3,'2025-04-03',13,17,5,'normal',NULL),(78,15,'2025-04-03',13,17,5,'normal',NULL),(79,6,'2025-04-03',13,17,5,'normal',NULL),(80,10,'2025-04-03',13,17,5,'normal',NULL),(81,13,'2025-04-03',13,17,5,'normal',NULL),(82,4,'2025-04-03',13,17,5,'normal',NULL),(83,5,'2025-04-03',13,17,5,'normal',NULL),(84,17,'2025-04-04',8,12,5,'normal',NULL),(85,21,'2025-04-04',8,12,5,'normal',NULL),(86,4,'2025-04-04',8,12,5,'normal',NULL),(87,20,'2025-04-04',8,12,5,'normal',NULL),(89,18,'2025-04-04',8,12,5,'normal',NULL),(90,11,'2025-04-04',8,12,5,'normal',NULL),(91,6,'2025-04-04',8,12,5,'normal',NULL),(93,23,'2025-04-04',8,12,5,'normal',NULL),(94,23,'2025-04-04',13,17,5,'normal',NULL),(95,5,'2025-04-04',13,17,5,'normal',NULL),(96,4,'2025-04-04',13,17,5,'normal',NULL),(97,14,'2025-04-04',13,17,5,'normal',NULL),(98,20,'2025-04-04',13,17,5,'normal',NULL),(99,11,'2025-04-04',13,17,5,'normal',NULL),(100,21,'2025-04-04',13,17,5,'normal',NULL),(102,19,'2025-04-04',13,17,5,'normal',NULL),(104,16,'2025-04-04',13,17,5,'normal',NULL),(105,3,'2025-04-05',8,12,5,'normal',NULL),(106,20,'2025-04-05',8,12,5,'normal',NULL),(108,15,'2025-04-05',8,12,5,'normal',NULL),(109,7,'2025-04-05',8,12,5,'normal',NULL),(110,21,'2025-04-05',8,12,5,'normal',NULL),(111,4,'2025-04-05',8,12,5,'normal',NULL),(112,16,'2025-04-05',8,12,5,'normal',NULL),(113,13,'2025-04-05',8,12,5,'normal',NULL),(114,14,'2025-04-05',8,12,5,'normal',NULL),(115,18,'2025-04-05',8,12,5,'normal',NULL),(117,8,'2025-04-05',8,12,5,'normal',NULL),(119,9,'2025-04-05',13,17,5,'normal',NULL),(120,13,'2025-04-05',13,17,5,'normal',NULL),(121,19,'2025-04-05',13,17,5,'normal',NULL),(122,1,'2025-04-05',13,17,5,'normal',NULL),(124,8,'2025-04-05',13,17,5,'normal',NULL),(125,20,'2025-04-06',8,12,5,'normal',NULL),(126,4,'2025-04-06',8,12,5,'normal',NULL),(127,7,'2025-04-06',8,12,5,'normal',NULL),(129,17,'2025-04-06',8,12,5,'normal',NULL),(130,2,'2025-04-06',8,12,5,'normal',NULL),(131,21,'2025-04-06',8,12,5,'normal',NULL),(132,14,'2025-04-06',8,12,5,'normal',NULL),(133,16,'2025-04-06',8,12,5,'normal',NULL),(134,13,'2025-04-06',13,17,5,'normal',NULL),(135,16,'2025-04-06',13,17,5,'normal',NULL),(136,23,'2025-04-06',13,17,5,'normal',NULL),(137,4,'2025-04-06',13,17,5,'normal',NULL),(138,11,'2025-04-06',13,17,5,'normal',NULL),(139,12,'2025-04-06',13,17,5,'normal',NULL),(140,20,'2025-04-06',13,17,5,'normal',NULL),(141,21,'2025-04-06',13,17,5,'normal',NULL),(142,10,'2025-04-06',13,17,5,'normal',NULL),(144,18,'2025-04-06',13,17,5,'normal',NULL),(146,2,'2025-04-06',13,17,5,'normal',NULL),(147,9,'2025-04-06',13,17,5,'normal',NULL),(149,7,'2025-04-06',13,17,5,'normal',NULL),(150,4,'2025-04-07',8,12,5,'normal',NULL),(151,10,'2025-04-07',8,12,5,'normal',NULL),(152,1,'2025-04-07',8,12,5,'normal',NULL),(153,14,'2025-04-07',8,12,5,'normal',NULL),(154,23,'2025-04-07',8,12,5,'normal',NULL),(155,5,'2025-04-07',8,12,5,'normal',NULL),(156,9,'2025-04-07',8,12,5,'normal',NULL),(157,2,'2025-04-07',8,12,5,'normal',NULL),(158,20,'2025-04-07',8,12,5,'normal',NULL),(163,16,'2025-04-07',8,12,5,'normal',NULL),(164,3,'2025-04-07',8,12,5,'normal',NULL),(166,16,'2025-04-07',13,17,5,'normal',NULL),(167,7,'2025-04-07',13,17,5,'normal',NULL),(168,15,'2025-04-07',13,17,5,'normal',NULL),(169,18,'2025-04-07',13,17,5,'normal',NULL),(171,3,'2025-04-07',13,17,5,'normal',NULL),(172,11,'2025-04-07',13,17,5,'normal',NULL),(173,2,'2025-04-07',13,17,5,'normal',NULL),(174,14,'2025-04-07',13,17,5,'normal',NULL),(175,8,'2025-04-07',13,17,5,'normal',NULL),(177,16,'2025-04-08',8,12,5,'normal',NULL),(178,23,'2025-04-08',8,12,5,'normal',NULL),(180,5,'2025-04-08',8,12,5,'normal',NULL),(181,3,'2025-04-08',8,12,5,'normal',NULL),(182,21,'2025-04-08',8,12,5,'normal',NULL),(183,13,'2025-04-08',8,12,5,'normal',NULL),(186,15,'2025-04-08',8,12,5,'normal',NULL),(189,9,'2025-04-08',8,12,5,'normal',NULL),(190,22,'2025-04-08',8,12,5,'normal',NULL),(191,1,'2025-04-08',13,17,5,'normal',NULL),(192,19,'2025-04-08',13,17,5,'normal',NULL),(193,18,'2025-04-08',13,17,5,'normal',NULL),(194,8,'2025-04-08',13,17,5,'normal',NULL),(195,21,'2025-04-08',13,17,5,'normal',NULL),(197,13,'2025-04-08',13,17,5,'normal',NULL),(198,6,'2025-04-08',13,17,5,'normal',NULL),(199,3,'2025-04-08',13,17,5,'normal',NULL),(200,22,'2025-04-08',13,17,5,'normal',NULL),(202,20,'2025-04-08',13,17,5,'normal',NULL),(203,7,'2025-04-08',13,17,5,'normal',NULL),(205,14,'2025-04-08',13,17,5,'normal',NULL),(206,9,'2025-04-08',13,17,5,'normal',NULL),(207,22,'2025-04-09',8,12,5,'normal',NULL),(209,7,'2025-04-09',8,12,5,'normal',NULL),(210,4,'2025-04-09',8,12,5,'normal',NULL),(211,23,'2025-04-09',8,12,5,'normal',NULL),(212,5,'2025-04-09',8,12,5,'normal',NULL),(214,12,'2025-04-09',8,12,5,'normal',NULL),(215,8,'2025-04-09',8,12,5,'normal',NULL),(216,1,'2025-04-09',8,12,5,'normal',NULL),(218,2,'2025-04-09',8,12,5,'normal',NULL),(220,10,'2025-04-09',8,12,5,'normal',NULL),(222,15,'2025-04-09',8,12,5,'normal',NULL),(223,17,'2025-04-09',8,12,5,'normal',NULL),(224,21,'2025-04-09',8,12,5,'normal',NULL),(225,20,'2025-04-09',13,17,5,'normal',NULL),(226,15,'2025-04-09',13,17,5,'normal',NULL),(227,4,'2025-04-09',13,17,5,'normal',NULL),(228,13,'2025-04-09',13,17,5,'normal',NULL),(229,6,'2025-04-09',13,17,5,'normal',NULL),(233,9,'2025-04-09',13,17,5,'normal',NULL),(237,11,'2025-04-09',13,17,5,'normal',NULL),(238,22,'2025-04-09',13,17,5,'normal',NULL),(241,13,'2025-04-10',8,12,5,'normal',NULL),(242,12,'2025-04-10',8,12,5,'normal',NULL),(243,17,'2025-04-10',8,12,5,'normal',NULL),(244,21,'2025-04-10',8,12,5,'normal',NULL),(245,16,'2025-04-10',8,12,5,'normal',NULL),(247,14,'2025-04-10',8,12,5,'normal',NULL),(249,2,'2025-04-10',8,12,5,'normal',NULL),(250,15,'2025-04-10',8,12,5,'normal',NULL),(251,5,'2025-04-10',8,12,5,'normal',NULL),(252,4,'2025-04-10',8,12,5,'normal',NULL),(253,19,'2025-04-10',8,12,5,'normal',NULL),(254,7,'2025-04-10',8,12,5,'normal',NULL),(256,13,'2025-04-10',13,17,5,'normal',NULL),(257,23,'2025-04-10',13,17,5,'normal',NULL),(258,11,'2025-04-10',13,17,5,'normal',NULL),(259,5,'2025-04-10',13,17,5,'normal',NULL),(260,6,'2025-04-10',13,17,5,'normal',NULL),(261,16,'2025-04-10',13,17,5,'normal',NULL),(262,2,'2025-04-10',13,17,5,'normal',NULL),(263,10,'2025-04-10',13,17,5,'normal',NULL),(265,1,'2025-04-10',13,17,5,'normal',NULL),(267,23,'2025-04-11',8,12,5,'normal',NULL),(268,15,'2025-04-11',8,12,5,'normal',NULL),(269,5,'2025-04-11',8,12,5,'normal',NULL),(270,17,'2025-04-11',8,12,5,'normal',NULL),(271,22,'2025-04-11',8,12,5,'normal',NULL),(272,6,'2025-04-11',8,12,5,'normal',NULL),(273,2,'2025-04-11',8,12,5,'normal',NULL),(274,3,'2025-04-11',8,12,5,'normal',NULL),(276,7,'2025-04-11',8,12,5,'normal',NULL),(277,4,'2025-04-11',8,12,5,'normal',NULL),(281,8,'2025-04-11',13,17,5,'normal',NULL),(282,19,'2025-04-11',13,17,5,'normal',NULL),(283,22,'2025-04-11',13,17,5,'normal',NULL),(284,1,'2025-04-11',13,17,5,'normal',NULL),(286,16,'2025-04-11',13,17,5,'normal',NULL),(287,7,'2025-04-11',13,17,5,'normal',NULL),(288,5,'2025-04-11',13,17,5,'normal',NULL),(289,18,'2025-04-11',13,17,5,'normal',NULL),(290,11,'2025-04-11',13,17,5,'normal',NULL),(291,9,'2025-04-12',8,12,5,'normal',NULL),(292,2,'2025-04-12',8,12,5,'normal',NULL),(293,17,'2025-04-12',8,12,5,'normal',NULL),(294,22,'2025-04-12',8,12,5,'normal',NULL),(297,20,'2025-04-12',8,12,5,'normal',NULL),(298,19,'2025-04-12',8,12,5,'normal',NULL),(299,12,'2025-04-12',8,12,5,'normal',NULL),(301,4,'2025-04-12',8,12,5,'normal',NULL),(302,6,'2025-04-12',8,12,5,'normal',NULL),(303,11,'2025-04-12',13,17,5,'normal',NULL),(304,7,'2025-04-12',13,17,5,'normal',NULL),(305,14,'2025-04-12',13,17,5,'normal',NULL),(306,19,'2025-04-12',13,17,5,'normal',NULL),(307,15,'2025-04-12',13,17,5,'normal',NULL),(308,1,'2025-04-12',13,17,5,'normal',NULL),(310,3,'2025-04-12',13,17,5,'normal',NULL),(311,12,'2025-04-12',13,17,5,'normal',NULL),(313,17,'2025-04-12',13,17,5,'normal',NULL),(314,6,'2025-04-12',13,17,5,'normal',NULL),(315,22,'2025-04-13',8,12,5,'normal',NULL),(316,10,'2025-04-13',8,12,5,'normal',NULL),(317,12,'2025-04-13',8,12,5,'normal',NULL),(319,4,'2025-04-13',8,12,5,'normal',NULL),(320,20,'2025-04-13',8,12,5,'normal',NULL),(321,23,'2025-04-13',8,12,5,'normal',NULL),(322,11,'2025-04-13',8,12,5,'normal',NULL),(323,2,'2025-04-13',8,12,5,'normal',NULL),(326,3,'2025-04-13',8,12,5,'normal',NULL),(328,17,'2025-04-13',8,12,5,'normal',NULL),(329,7,'2025-04-13',8,12,5,'normal',NULL),(330,1,'2025-04-13',13,17,5,'normal',NULL),(331,2,'2025-04-13',13,17,5,'normal',NULL),(332,6,'2025-04-13',13,17,5,'normal',NULL),(335,7,'2025-04-13',13,17,5,'normal',NULL),(336,9,'2025-04-13',13,17,5,'normal',NULL),(337,10,'2025-04-13',13,17,5,'normal',NULL),(338,12,'2025-04-13',13,17,5,'normal',NULL),(339,15,'2025-04-13',13,17,5,'normal',NULL),(341,3,'2025-04-13',13,17,5,'normal',NULL),(342,21,'2025-04-13',13,17,5,'normal',NULL),(344,11,'2025-04-13',13,17,5,'normal',NULL),(1084,1743647328,'2025-04-02',13,17,5,'leave','Leave for reason #921'),(1085,1743647326,'2025-04-06',13,17,5,'leave','Leave for reason #183'),(1086,17,'2025-04-05',13,17,5,'leave','Leave for reason #405'),(1087,1743647329,'2025-04-04',13,17,5,'leave','Leave for reason #870'),(1088,7,'2025-04-04',13,17,5,'leave','Leave for reason #59'),(1089,23,'2025-04-09',13,17,5,'leave','Leave for reason #512'),(1090,1743647325,'2025-04-06',13,17,5,'leave','Leave for reason #898'),(1091,1743647321,'2025-03-31',8,12,5,'leave','Leave for reason #669'),(1092,1743647337,'2025-03-31',13,17,5,'leave','Leave for reason #943'),(1093,1743647327,'2025-04-09',13,17,5,'leave','Leave for reason #711'),(1094,9,'2025-04-10',8,12,5,'leave','Leave for reason #363'),(1095,1743646046,'2025-03-30',13,17,5,'leave','Leave for reason #54'),(1096,1743647327,'2025-04-01',13,17,5,'leave','Leave for reason #834'),(1097,5,'2025-04-14',8,12,5,'normal',NULL),(1098,6,'2025-04-14',8,12,5,'normal',NULL),(1099,7,'2025-04-14',8,12,5,'normal',NULL),(1100,1743647325,'2025-04-14',8,12,5,'normal',NULL),(1101,1743647327,'2025-04-14',13,12,5,'normal',NULL),(1102,16,'2025-04-14',8,12,5,'normal',NULL),(1103,16,'2025-04-14',8,12,5,'normal',NULL),(1104,17,'2025-04-14',8,12,5,'normal',NULL),(1105,17,'2025-04-14',8,12,5,'normal',NULL),(1106,18,'2025-04-14',8,12,5,'normal',NULL),(1107,18,'2025-04-14',8,12,5,'normal',NULL),(1108,1743647331,'2025-04-14',8,12,5,'normal',NULL),(1109,1743647331,'2025-04-14',8,12,5,'normal',NULL),(1110,1743647335,'2025-04-14',8,12,5,'normal',NULL),(1111,1743647335,'2025-04-14',8,12,5,'normal',NULL),(1112,5,'2025-04-14',13,17,5,'normal',NULL),(1113,6,'2025-04-14',13,17,5,'normal',NULL),(1114,7,'2025-04-14',13,17,5,'normal',NULL),(1115,1743647325,'2025-04-14',13,17,5,'normal',NULL),(1116,16,'2025-04-14',13,17,5,'normal',NULL),(1117,16,'2025-04-14',13,17,5,'normal',NULL),(1118,17,'2025-04-14',13,17,5,'normal',NULL),(1119,18,'2025-04-14',13,17,5,'normal',NULL),(1120,1743647331,'2025-04-14',13,17,5,'normal',NULL),(1121,1743647331,'2025-04-14',13,17,5,'normal',NULL),(1122,1743647335,'2025-04-14',13,17,5,'normal',NULL),(1123,1743647335,'2025-04-14',13,17,5,'normal',NULL),(1127,5,'2025-04-15',8,12,5,'normal',NULL),(1128,6,'2025-04-15',8,12,5,'normal',NULL),(1129,7,'2025-04-15',8,12,5,'normal',NULL),(1130,1743647325,'2025-04-15',13,17,5,'normal',NULL),(1131,1743647327,'2025-04-15',8,12,5,'normal',NULL),(1132,12,'2025-04-15',8,12,5,'normal',NULL),(1133,13,'2025-04-15',13,17,5,'normal',NULL),(1134,14,'2025-04-15',13,17,5,'normal',NULL),(1135,15,'2025-04-15',8,12,5,'normal',NULL),(1136,1743647326,'2025-04-15',8,12,5,'normal',NULL),(1137,1743647333,'2025-04-15',8,12,5,'normal',NULL),(1138,23,'2025-04-15',8,12,5,'normal',NULL),(1139,1743641644,'2025-04-15',8,12,5,'normal',NULL),(1140,1743645803,'2025-04-15',8,12,5,'normal',NULL),(1141,1743646046,'2025-04-15',8,12,5,'normal',NULL),(1142,1743647336,'2025-04-15',8,12,5,'normal',NULL),(1143,1743646073,'2025-04-15',8,12,5,'normal',NULL),(1144,1743646073,'2025-04-15',8,12,5,'normal',NULL),(1145,1743647321,'2025-04-15',8,12,5,'normal',NULL),(1146,1743647321,'2025-04-15',8,12,5,'normal',NULL),(1147,1743647332,'2025-04-15',8,17,5,'normal',NULL),(1148,1743647332,'2025-04-15',8,12,5,'normal',NULL),(1149,1743647337,'2025-04-15',8,17,5,'normal',NULL),(1150,1743647337,'2025-04-15',8,12,5,'normal',NULL),(1151,1743647343,'2025-04-15',13,12,5,'normal',NULL),(1152,1743647343,'2025-04-15',8,12,5,'normal',NULL),(1153,1,'2025-04-15',8,12,5,'normal',NULL),(1154,1743647328,'2025-04-15',8,12,5,'normal',NULL),(1155,1743647329,'2025-04-15',13,12,5,'normal',NULL),(1156,1743647330,'2025-04-15',8,12,5,'normal',NULL),(1157,1743647342,'2025-04-15',13,12,5,'normal',NULL),(1158,5,'2025-04-15',13,17,5,'normal',NULL),(1159,6,'2025-04-15',13,17,5,'normal',NULL),(1160,7,'2025-04-15',13,17,5,'normal',NULL),(1161,1743647327,'2025-04-15',13,17,5,'normal',NULL),(1162,12,'2025-04-15',13,17,5,'normal',NULL),(1163,1743647326,'2025-04-15',13,17,5,'normal',NULL),(1164,1743647333,'2025-04-15',13,17,5,'normal',NULL),(1165,23,'2025-04-15',13,17,5,'normal',NULL),(1166,1743641644,'2025-04-15',13,17,5,'normal',NULL),(1167,1743645803,'2025-04-15',13,17,5,'normal',NULL),(1168,1743646046,'2025-04-15',13,17,5,'normal',NULL),(1169,1743647336,'2025-04-15',13,17,5,'normal',NULL),(1170,1743646073,'2025-04-15',13,17,5,'normal',NULL),(1171,1743646073,'2025-04-15',13,17,5,'normal',NULL),(1172,1743647321,'2025-04-15',13,17,5,'normal',NULL),(1173,1743647321,'2025-04-15',13,17,5,'normal',NULL),(1174,1743647332,'2025-04-15',13,17,5,'normal',NULL),(1175,1743647337,'2025-04-15',13,17,5,'normal',NULL),(1176,1743647343,'2025-04-15',13,17,5,'normal',NULL),(1177,1,'2025-04-15',13,17,5,'normal',NULL),(1178,1743647328,'2025-04-15',13,17,5,'normal',NULL),(1179,1743647330,'2025-04-15',13,17,5,'normal',NULL),(1189,2,'2025-04-17',8,12,5,'normal',NULL),(1190,3,'2025-04-17',13,17,5,'normal',NULL),(1191,4,'2025-04-17',8,12,5,'normal',NULL),(1192,8,'2025-04-17',8,12,5,'normal',NULL),(1193,9,'2025-04-17',8,12,5,'normal',NULL),(1194,10,'2025-04-17',13,17,5,'normal',NULL),(1195,11,'2025-04-17',8,12,5,'normal',NULL),(1196,12,'2025-04-17',13,12,5,'normal',NULL),(1197,13,'2025-04-17',8,12,5,'normal',NULL),(1198,14,'2025-04-17',8,12,5,'normal',NULL),(1199,15,'2025-04-17',8,12,5,'normal',NULL),(1200,1743647326,'2025-04-17',8,12,5,'normal',NULL),(1201,1743647333,'2025-04-17',8,17,5,'normal',NULL),(1204,2,'2025-04-17',13,17,5,'normal',NULL),(1205,4,'2025-04-17',13,17,5,'normal',NULL),(1206,8,'2025-04-17',13,17,5,'normal',NULL),(1207,9,'2025-04-17',13,17,5,'normal',NULL),(1208,11,'2025-04-17',13,17,5,'normal',NULL),(1209,13,'2025-04-17',13,17,5,'normal',NULL),(1210,14,'2025-04-17',13,17,5,'normal',NULL),(1211,15,'2025-04-17',13,17,5,'normal',NULL),(1212,1743647326,'2025-04-17',13,17,5,'normal',NULL),(1219,8,'2025-04-18',8,12,5,'normal',NULL),(1220,9,'2025-04-18',8,12,5,'normal',NULL),(1221,10,'2025-04-18',8,12,5,'normal',NULL),(1222,11,'2025-04-18',8,12,5,'normal',NULL),(1226,8,'2025-04-18',13,17,5,'normal',NULL),(1227,9,'2025-04-18',13,17,5,'normal',NULL),(1228,10,'2025-04-18',13,17,5,'normal',NULL),(1229,11,'2025-04-18',13,17,5,'normal',NULL),(1233,19,'2025-04-19',8,12,5,'normal',NULL),(1234,20,'2025-04-19',13,17,5,'normal',NULL),(1235,21,'2025-04-19',8,12,5,'normal',NULL),(1236,22,'2025-04-19',8,12,5,'normal',NULL),(1237,1743647323,'2025-04-19',8,12,5,'normal',NULL),(1238,1743647324,'2025-04-19',8,12,5,'normal',NULL),(1239,1743647334,'2025-04-19',8,12,5,'normal',NULL),(1240,1743647322,'2025-04-19',8,12,5,'normal',NULL),(1241,1743647338,'2025-04-19',8,12,5,'normal',NULL),(1242,1743647339,'2025-04-19',8,12,5,'normal',NULL),(1243,1743647340,'2025-04-19',8,12,5,'normal',NULL),(1244,1743647341,'2025-04-19',8,12,5,'normal',NULL),(1245,1,'2025-04-19',8,12,5,'normal',NULL),(1246,1743647328,'2025-04-19',8,12,5,'normal',NULL),(1247,1743647329,'2025-04-19',8,12,5,'normal',NULL),(1248,1743647330,'2025-04-19',8,12,5,'normal',NULL),(1249,1743647342,'2025-04-19',8,12,5,'normal',NULL),(1264,19,'2025-04-19',13,17,5,'normal',NULL),(1265,21,'2025-04-19',13,17,5,'normal',NULL),(1266,22,'2025-04-19',13,17,5,'normal',NULL),(1267,1743647323,'2025-04-19',13,17,5,'normal',NULL),(1268,1743647324,'2025-04-19',13,17,5,'normal',NULL),(1269,1743647334,'2025-04-19',13,17,5,'normal',NULL),(1270,1743647322,'2025-04-19',13,17,5,'normal',NULL),(1271,1743647338,'2025-04-19',13,17,5,'normal',NULL),(1272,1743647339,'2025-04-19',13,17,5,'normal',NULL),(1273,1743647340,'2025-04-19',13,17,5,'normal',NULL),(1274,1743647341,'2025-04-19',13,17,5,'normal',NULL),(1275,1743647328,'2025-04-19',13,17,5,'normal',NULL),(1276,1743647329,'2025-04-19',13,17,5,'normal',NULL),(1277,1743647330,'2025-04-19',13,17,5,'normal',NULL),(1278,1743647342,'2025-04-19',13,17,5,'normal',NULL),(1279,2,'2025-04-20',8,12,5,'normal',NULL),(1280,3,'2025-04-20',8,12,5,'normal',NULL),(1281,4,'2025-04-20',8,12,5,'normal',NULL),(1282,19,'2025-04-20',13,17,5,'normal',NULL),(1283,20,'2025-04-20',8,12,5,'normal',NULL),(1284,21,'2025-04-20',8,12,5,'normal',NULL),(1285,22,'2025-04-20',8,17,5,'normal',NULL),(1286,1743647323,'2025-04-20',8,12,5,'normal',NULL),(1287,1743647324,'2025-04-20',8,12,5,'normal',NULL),(1288,1743647334,'2025-04-20',8,12,5,'normal',NULL),(1289,23,'2025-04-20',13,17,5,'normal',NULL),(1290,1743641644,'2025-04-20',8,12,5,'normal',NULL),(1291,1743645803,'2025-04-20',8,12,5,'normal',NULL),(1292,1743646046,'2025-04-20',8,12,5,'normal',NULL),(1293,1743647336,'2025-04-20',8,12,5,'normal',NULL),(1294,1743647322,'2025-04-20',8,12,5,'normal',NULL),(1295,1743647338,'2025-04-20',8,12,5,'normal',NULL),(1296,1743647339,'2025-04-20',8,12,5,'normal',NULL),(1297,1743647340,'2025-04-20',8,12,5,'normal',NULL),(1298,1743647341,'2025-04-20',8,12,5,'normal',NULL),(1310,2,'2025-04-20',13,17,5,'normal',NULL),(1311,3,'2025-04-20',13,17,5,'normal',NULL),(1312,4,'2025-04-20',13,17,5,'normal',NULL),(1313,20,'2025-04-20',13,17,5,'normal',NULL),(1314,21,'2025-04-20',13,17,5,'normal',NULL),(1315,1743647323,'2025-04-20',13,17,5,'normal',NULL),(1316,1743647324,'2025-04-20',13,17,5,'normal',NULL),(1317,1743647334,'2025-04-20',13,17,5,'normal',NULL),(1318,1743641644,'2025-04-20',13,17,5,'normal',NULL),(1319,1743645803,'2025-04-20',13,17,5,'normal',NULL),(1320,1743646046,'2025-04-20',13,17,5,'normal',NULL),(1321,1743647336,'2025-04-20',13,17,5,'normal',NULL),(1322,1743647322,'2025-04-20',13,17,5,'normal',NULL),(1323,1743647338,'2025-04-20',13,17,5,'normal',NULL),(1324,1743647339,'2025-04-20',13,17,5,'normal',NULL),(1325,1743647340,'2025-04-20',13,17,5,'normal',NULL),(1326,1743647341,'2025-04-20',13,17,5,'normal',NULL),(1341,5,'2025-04-21',8,12,5,'normal',NULL),(1342,6,'2025-04-21',8,12,5,'normal',NULL),(1343,7,'2025-04-21',8,12,5,'normal',NULL),(1344,1743647325,'2025-04-21',8,12,5,'normal',NULL),(1345,1743647327,'2025-04-21',8,12,5,'normal',NULL),(1346,16,'2025-04-21',8,12,5,'normal',NULL),(1347,16,'2025-04-21',8,12,5,'normal',NULL),(1348,17,'2025-04-21',8,12,5,'normal',NULL),(1349,17,'2025-04-21',13,12,5,'normal',NULL),(1350,18,'2025-04-21',8,17,5,'normal',NULL),(1351,18,'2025-04-21',8,12,5,'normal',NULL),(1352,1743647331,'2025-04-21',8,12,5,'normal',NULL),(1353,1743647331,'2025-04-21',8,12,5,'normal',NULL),(1354,1743647335,'2025-04-21',8,12,5,'normal',NULL),(1355,1743647335,'2025-04-21',8,12,5,'normal',NULL),(1356,5,'2025-04-21',13,17,5,'normal',NULL),(1357,6,'2025-04-21',13,17,5,'normal',NULL),(1358,7,'2025-04-21',13,17,5,'normal',NULL),(1359,1743647325,'2025-04-21',13,17,5,'normal',NULL),(1360,16,'2025-04-21',13,17,5,'normal',NULL),(1361,16,'2025-04-21',13,17,5,'normal',NULL),(1362,17,'2025-04-21',13,17,5,'normal',NULL),(1363,18,'2025-04-21',13,17,5,'normal',NULL),(1364,1743647331,'2025-04-21',13,17,5,'normal',NULL),(1365,1743647331,'2025-04-21',13,17,5,'normal',NULL),(1366,1743647335,'2025-04-21',13,17,5,'normal',NULL),(1367,1743647335,'2025-04-21',13,17,5,'normal',NULL),(1371,5,'2025-04-22',8,12,5,'normal',NULL),(1372,6,'2025-04-22',8,12,5,'normal',NULL),(1373,7,'2025-04-22',8,12,5,'normal',NULL),(1374,1743647325,'2025-04-22',13,17,5,'normal',NULL),(1375,1743647327,'2025-04-22',8,12,5,'normal',NULL),(1376,12,'2025-04-22',8,12,5,'normal',NULL),(1377,13,'2025-04-22',13,12,5,'normal',NULL),(1378,14,'2025-04-22',13,12,5,'normal',NULL),(1379,15,'2025-04-22',13,12,5,'normal',NULL),(1380,1743647326,'2025-04-22',8,12,5,'normal',NULL),(1381,1743647333,'2025-04-22',8,12,5,'normal',NULL),(1382,23,'2025-04-22',8,12,5,'normal',NULL),(1383,1743641644,'2025-04-22',8,12,5,'normal',NULL),(1384,1743645803,'2025-04-22',8,12,5,'normal',NULL),(1385,1743646046,'2025-04-22',8,12,5,'normal',NULL),(1386,1743647336,'2025-04-22',8,12,5,'normal',NULL),(1387,1743646073,'2025-04-22',8,12,5,'normal',NULL),(1388,1743646073,'2025-04-22',8,12,5,'normal',NULL),(1389,1743647321,'2025-04-22',8,12,5,'normal',NULL),(1390,1743647321,'2025-04-22',8,12,5,'normal',NULL),(1391,1743647332,'2025-04-22',13,12,5,'normal',NULL),(1392,1743647332,'2025-04-22',8,12,5,'normal',NULL),(1393,1743647337,'2025-04-22',13,17,5,'normal',NULL),(1394,1743647337,'2025-04-22',8,12,5,'normal',NULL),(1395,1743647343,'2025-04-22',8,12,5,'normal',NULL),(1396,1743647343,'2025-04-22',8,12,5,'normal',NULL),(1397,1,'2025-04-22',8,12,5,'normal',NULL),(1398,1743647328,'2025-04-22',8,12,5,'normal',NULL),(1399,1743647329,'2025-04-22',8,17,5,'normal',NULL),(1400,1743647330,'2025-04-22',8,12,5,'normal',NULL),(1401,1743647342,'2025-04-22',8,17,5,'normal',NULL),(1402,5,'2025-04-22',13,17,5,'normal',NULL),(1403,6,'2025-04-22',13,17,5,'normal',NULL),(1404,7,'2025-04-22',13,17,5,'normal',NULL),(1405,1743647327,'2025-04-22',13,17,5,'normal',NULL),(1406,12,'2025-04-22',13,17,5,'normal',NULL),(1407,1743647326,'2025-04-22',13,17,5,'normal',NULL),(1408,1743647333,'2025-04-22',13,17,5,'normal',NULL),(1409,23,'2025-04-22',13,17,5,'normal',NULL),(1410,1743641644,'2025-04-22',13,17,5,'normal',NULL),(1411,1743645803,'2025-04-22',13,17,5,'normal',NULL),(1412,1743646046,'2025-04-22',13,17,5,'normal',NULL),(1413,1743647336,'2025-04-22',13,17,5,'normal',NULL),(1414,1743646073,'2025-04-22',13,17,5,'normal',NULL),(1415,1743646073,'2025-04-22',13,17,5,'normal',NULL),(1416,1743647321,'2025-04-22',13,17,5,'normal',NULL),(1417,1743647321,'2025-04-22',13,17,5,'normal',NULL),(1418,1743647332,'2025-04-22',13,17,5,'normal',NULL),(1419,1743647337,'2025-04-22',13,17,5,'normal',NULL),(1420,1743647343,'2025-04-22',13,17,5,'normal',NULL),(1421,1,'2025-04-22',13,17,5,'normal',NULL),(1422,1743647328,'2025-04-22',13,17,5,'normal',NULL),(1423,1743647330,'2025-04-22',13,17,5,'normal',NULL),(1433,2,'2025-04-24',8,12,5,'normal',NULL),(1434,3,'2025-04-24',8,17,5,'normal',NULL),(1435,4,'2025-04-24',8,12,5,'normal',NULL),(1436,8,'2025-04-24',8,12,5,'normal',NULL),(1437,9,'2025-04-24',8,12,5,'normal',NULL),(1438,10,'2025-04-24',13,17,5,'normal',NULL),(1439,11,'2025-04-24',8,12,5,'normal',NULL),(1440,12,'2025-04-24',13,17,5,'normal',NULL),(1441,13,'2025-04-24',8,12,5,'normal',NULL),(1442,14,'2025-04-24',8,12,5,'normal',NULL),(1443,15,'2025-04-24',8,12,5,'normal',NULL),(1444,1743647326,'2025-04-24',8,12,5,'normal',NULL),(1445,1743647333,'2025-04-24',13,17,5,'normal',NULL),(1448,2,'2025-04-24',13,17,5,'normal',NULL),(1449,4,'2025-04-24',13,17,5,'normal',NULL),(1450,8,'2025-04-24',13,17,5,'normal',NULL),(1451,9,'2025-04-24',13,17,5,'normal',NULL),(1452,11,'2025-04-24',13,17,5,'normal',NULL),(1453,13,'2025-04-24',13,17,5,'normal',NULL),(1454,14,'2025-04-24',13,17,5,'normal',NULL),(1455,15,'2025-04-24',13,17,5,'normal',NULL),(1456,1743647326,'2025-04-24',13,17,5,'normal',NULL),(1463,8,'2025-04-25',8,12,5,'normal',NULL),(1464,9,'2025-04-25',8,12,5,'normal',NULL),(1465,10,'2025-04-25',8,12,5,'normal',NULL),(1466,11,'2025-04-25',8,12,5,'normal',NULL),(1470,8,'2025-04-25',13,17,5,'normal',NULL),(1471,9,'2025-04-25',13,17,5,'normal',NULL),(1472,10,'2025-04-25',13,17,5,'normal',NULL),(1473,11,'2025-04-25',13,17,5,'normal',NULL),(1477,19,'2025-04-26',8,12,5,'normal',NULL),(1478,20,'2025-04-26',8,17,5,'normal',NULL),(1479,21,'2025-04-26',8,12,5,'normal',NULL),(1480,22,'2025-04-26',8,12,5,'normal',NULL),(1481,1743647323,'2025-04-26',8,12,5,'normal',NULL),(1482,1743647324,'2025-04-26',8,12,5,'normal',NULL),(1483,1743647334,'2025-04-26',8,12,5,'normal',NULL),(1484,1743647322,'2025-04-26',8,12,5,'normal',NULL),(1485,1743647338,'2025-04-26',8,12,5,'normal',NULL),(1486,1743647339,'2025-04-26',8,12,5,'normal',NULL),(1487,1743647340,'2025-04-26',8,12,5,'normal',NULL),(1488,1743647341,'2025-04-26',8,12,5,'normal',NULL),(1489,1,'2025-04-26',8,12,5,'normal',NULL),(1490,1743647328,'2025-04-26',8,12,5,'normal',NULL),(1491,1743647329,'2025-04-26',8,12,5,'normal',NULL),(1492,1743647330,'2025-04-26',8,12,5,'normal',NULL),(1493,1743647342,'2025-04-26',8,12,5,'normal',NULL),(1508,19,'2025-04-26',13,17,5,'normal',NULL),(1509,21,'2025-04-26',13,17,5,'normal',NULL),(1510,22,'2025-04-26',13,17,5,'normal',NULL),(1511,1743647323,'2025-04-26',13,17,5,'normal',NULL),(1512,1743647324,'2025-04-26',13,17,5,'normal',NULL),(1513,1743647334,'2025-04-26',13,17,5,'normal',NULL),(1514,1743647322,'2025-04-26',13,17,5,'normal',NULL),(1515,1743647338,'2025-04-26',13,17,5,'normal',NULL),(1516,1743647339,'2025-04-26',13,17,5,'normal',NULL),(1517,1743647340,'2025-04-26',13,17,5,'normal',NULL),(1518,1743647341,'2025-04-26',13,17,5,'normal',NULL),(1519,1743647328,'2025-04-26',13,17,5,'normal',NULL),(1520,1743647329,'2025-04-26',13,17,5,'normal',NULL),(1521,1743647330,'2025-04-26',13,17,5,'normal',NULL),(1522,1743647342,'2025-04-26',13,17,5,'normal',NULL),(1523,2,'2025-04-27',8,12,5,'normal',NULL),(1524,3,'2025-04-27',8,12,5,'normal',NULL),(1525,4,'2025-04-27',8,12,5,'normal',NULL),(1526,19,'2025-04-27',13,12,5,'normal',NULL),(1527,20,'2025-04-27',8,12,5,'normal',NULL),(1528,21,'2025-04-27',8,12,5,'normal',NULL),(1529,22,'2025-04-27',13,17,5,'normal',NULL),(1530,1743647323,'2025-04-27',8,12,5,'normal',NULL),(1531,1743647324,'2025-04-27',8,12,5,'normal',NULL),(1532,1743647334,'2025-04-27',8,12,5,'normal',NULL),(1533,23,'2025-04-27',8,12,5,'normal',NULL),(1534,1743641644,'2025-04-27',8,12,5,'normal',NULL),(1535,1743645803,'2025-04-27',8,12,5,'normal',NULL),(1536,1743646046,'2025-04-27',8,12,5,'normal',NULL),(1537,1743647336,'2025-04-27',8,12,5,'normal',NULL),(1538,1743647322,'2025-04-27',8,12,5,'normal',NULL),(1539,1743647338,'2025-04-27',8,12,5,'normal',NULL),(1540,1743647339,'2025-04-27',8,12,5,'normal',NULL),(1541,1743647340,'2025-04-27',8,12,5,'normal',NULL),(1542,1743647341,'2025-04-27',8,12,5,'normal',NULL),(1554,2,'2025-04-27',13,17,5,'normal',NULL),(1555,3,'2025-04-27',13,17,5,'normal',NULL),(1556,4,'2025-04-27',13,17,5,'normal',NULL),(1557,20,'2025-04-27',13,17,5,'normal',NULL),(1558,21,'2025-04-27',13,17,5,'normal',NULL),(1559,1743647323,'2025-04-27',13,17,5,'normal',NULL),(1560,1743647324,'2025-04-27',13,17,5,'normal',NULL),(1561,1743647334,'2025-04-27',13,17,5,'normal',NULL),(1562,1743641644,'2025-04-27',13,17,5,'normal',NULL),(1563,1743645803,'2025-04-27',13,17,5,'normal',NULL),(1564,1743646046,'2025-04-27',13,17,5,'normal',NULL),(1565,1743647336,'2025-04-27',13,17,5,'normal',NULL),(1566,1743647322,'2025-04-27',13,17,5,'normal',NULL),(1567,1743647338,'2025-04-27',13,17,5,'normal',NULL),(1568,1743647339,'2025-04-27',13,17,5,'normal',NULL),(1569,1743647340,'2025-04-27',13,17,5,'normal',NULL),(1570,1743647341,'2025-04-27',13,17,5,'normal',NULL),(1585,5,'2025-04-28',8,12,5,'normal',NULL),(1586,6,'2025-04-28',8,12,5,'normal',NULL),(1587,7,'2025-04-28',8,12,5,'normal',NULL),(1588,1743647325,'2025-04-28',8,12,5,'normal',NULL),(1589,1743647327,'2025-04-28',13,17,5,'normal',NULL),(1590,16,'2025-04-28',8,12,5,'normal',NULL),(1591,16,'2025-04-28',8,12,5,'normal',NULL),(1592,17,'2025-04-28',8,12,5,'normal',NULL),(1593,17,'2025-04-28',13,12,5,'normal',NULL),(1594,18,'2025-04-28',8,17,5,'normal',NULL),(1595,18,'2025-04-28',8,12,5,'normal',NULL),(1596,1743647331,'2025-04-28',8,12,5,'normal',NULL),(1597,1743647331,'2025-04-28',8,12,5,'normal',NULL),(1598,1743647335,'2025-04-28',8,12,5,'normal',NULL),(1599,1743647335,'2025-04-28',8,12,5,'normal',NULL),(1600,5,'2025-04-28',13,17,5,'normal',NULL),(1601,6,'2025-04-28',13,17,5,'normal',NULL),(1602,7,'2025-04-28',13,17,5,'normal',NULL),(1603,1743647325,'2025-04-28',13,17,5,'normal',NULL),(1604,16,'2025-04-28',13,17,5,'normal',NULL),(1605,16,'2025-04-28',13,17,5,'normal',NULL),(1606,17,'2025-04-28',13,17,5,'normal',NULL),(1607,18,'2025-04-28',13,17,5,'normal',NULL),(1608,1743647331,'2025-04-28',13,17,5,'normal',NULL),(1609,1743647331,'2025-04-28',13,17,5,'normal',NULL),(1610,1743647335,'2025-04-28',13,17,5,'normal',NULL),(1611,1743647335,'2025-04-28',13,17,5,'normal',NULL),(1615,5,'2025-04-29',8,12,5,'normal',NULL),(1616,6,'2025-04-29',8,12,5,'normal',NULL),(1617,7,'2025-04-29',8,12,5,'normal',NULL),(1618,1743647325,'2025-04-29',8,12,5,'normal',NULL),(1619,1743647327,'2025-04-29',8,12,5,'normal',NULL),(1620,12,'2025-04-29',8,12,5,'normal',NULL),(1621,13,'2025-04-29',13,12,5,'normal',NULL),(1622,14,'2025-04-29',13,17,5,'normal',NULL),(1623,15,'2025-04-29',8,17,5,'normal',NULL),(1624,1743647326,'2025-04-29',8,12,5,'normal',NULL),(1625,1743647333,'2025-04-29',8,12,5,'normal',NULL),(1626,23,'2025-04-29',8,12,5,'normal',NULL),(1627,1743641644,'2025-04-29',8,12,5,'normal',NULL),(1628,1743645803,'2025-04-29',8,12,5,'normal',NULL),(1629,1743646046,'2025-04-29',8,12,5,'normal',NULL),(1630,1743647336,'2025-04-29',8,12,5,'normal',NULL),(1631,1743646073,'2025-04-29',8,12,5,'normal',NULL),(1632,1743646073,'2025-04-29',8,12,5,'normal',NULL),(1633,1743647321,'2025-04-29',8,12,5,'normal',NULL),(1634,1743647321,'2025-04-29',8,12,5,'normal',NULL),(1635,1743647332,'2025-04-29',13,12,5,'normal',NULL),(1636,1743647332,'2025-04-29',8,12,5,'normal',NULL),(1637,1743647337,'2025-04-29',13,12,5,'normal',NULL),(1638,1743647337,'2025-04-29',8,12,5,'normal',NULL),(1639,1743647343,'2025-04-29',13,12,5,'normal',NULL),(1640,1743647343,'2025-04-29',8,12,5,'normal',NULL),(1641,1,'2025-04-29',8,12,5,'normal',NULL),(1642,1743647328,'2025-04-29',8,12,5,'normal',NULL),(1643,1743647329,'2025-04-29',13,12,5,'normal',NULL),(1644,1743647330,'2025-04-29',8,12,5,'normal',NULL),(1645,1743647342,'2025-04-29',13,12,5,'normal',NULL),(1646,5,'2025-04-29',13,17,5,'normal',NULL),(1647,6,'2025-04-29',13,17,5,'normal',NULL),(1648,7,'2025-04-29',13,17,5,'normal',NULL),(1649,1743647327,'2025-04-29',13,17,5,'normal',NULL),(1650,12,'2025-04-29',13,17,5,'normal',NULL),(1651,1743647326,'2025-04-29',13,17,5,'normal',NULL),(1652,1743647333,'2025-04-29',13,17,5,'normal',NULL),(1653,23,'2025-04-29',13,17,5,'normal',NULL),(1654,1743641644,'2025-04-29',13,17,5,'normal',NULL),(1655,1743645803,'2025-04-29',13,17,5,'normal',NULL),(1656,1743646046,'2025-04-29',13,17,5,'normal',NULL),(1657,1743647336,'2025-04-29',13,17,5,'normal',NULL),(1658,1743646073,'2025-04-29',13,17,5,'normal',NULL),(1659,1743646073,'2025-04-29',13,17,5,'normal',NULL),(1660,1743647321,'2025-04-29',13,17,5,'normal',NULL),(1661,1743647321,'2025-04-29',13,17,5,'normal',NULL),(1662,1743647332,'2025-04-29',13,17,5,'normal',NULL),(1663,1743647337,'2025-04-29',13,17,5,'normal',NULL),(1664,1743647343,'2025-04-29',13,17,5,'normal',NULL),(1665,1,'2025-04-29',13,17,5,'normal',NULL),(1666,1743647328,'2025-04-29',13,17,5,'normal',NULL),(1667,1743647330,'2025-04-29',13,17,5,'normal',NULL),(1677,2,'2025-05-01',8,12,5,'normal',NULL),(1678,3,'2025-05-01',13,17,5,'normal',NULL),(1679,4,'2025-05-01',8,12,5,'normal',NULL),(1680,8,'2025-05-01',8,12,5,'normal',NULL),(1681,9,'2025-05-01',8,12,5,'normal',NULL),(1682,10,'2025-05-01',8,17,5,'normal',NULL),(1683,11,'2025-05-01',8,12,5,'normal',NULL),(1684,12,'2025-05-01',8,17,5,'normal',NULL),(1685,13,'2025-05-01',8,12,5,'normal',NULL),(1686,14,'2025-05-01',8,12,5,'normal',NULL),(1687,15,'2025-05-01',8,12,5,'normal',NULL),(1688,1743647326,'2025-05-01',8,12,5,'normal',NULL),(1689,1743647333,'2025-05-01',13,17,5,'normal',NULL),(1692,2,'2025-05-01',13,17,5,'normal',NULL),(1693,4,'2025-05-01',13,17,5,'normal',NULL),(1694,8,'2025-05-01',13,17,5,'normal',NULL),(1695,9,'2025-05-01',13,17,5,'normal',NULL),(1696,11,'2025-05-01',13,17,5,'normal',NULL),(1697,13,'2025-05-01',13,17,5,'normal',NULL),(1698,14,'2025-05-01',13,17,5,'normal',NULL),(1699,15,'2025-05-01',13,17,5,'normal',NULL),(1700,1743647326,'2025-05-01',13,17,5,'normal',NULL),(1707,8,'2025-05-02',8,12,5,'normal',NULL),(1708,9,'2025-05-02',8,12,5,'normal',NULL),(1709,10,'2025-05-02',8,12,5,'normal',NULL),(1710,11,'2025-05-02',8,12,5,'normal',NULL),(1714,8,'2025-05-02',13,17,5,'normal',NULL),(1715,9,'2025-05-02',13,17,5,'normal',NULL),(1716,10,'2025-05-02',13,17,5,'normal',NULL),(1717,11,'2025-05-02',13,17,5,'normal',NULL),(1721,19,'2025-05-03',8,12,5,'normal',NULL),(1722,20,'2025-05-03',8,17,5,'normal',NULL),(1723,21,'2025-05-03',8,12,5,'normal',NULL),(1724,22,'2025-05-03',8,12,5,'normal',NULL),(1725,1743647323,'2025-05-03',8,12,5,'normal',NULL),(1726,1743647324,'2025-05-03',8,12,5,'normal',NULL),(1727,1743647334,'2025-05-03',8,12,5,'normal',NULL),(1728,1743647322,'2025-05-03',8,12,5,'normal',NULL),(1729,1743647338,'2025-05-03',8,12,5,'normal',NULL),(1730,1743647339,'2025-05-03',8,12,5,'normal',NULL),(1731,1743647340,'2025-05-03',8,12,5,'normal',NULL),(1732,1743647341,'2025-05-03',8,12,5,'normal',NULL),(1733,1,'2025-05-03',8,12,5,'normal',NULL),(1734,1743647328,'2025-05-03',8,12,5,'normal',NULL),(1735,1743647329,'2025-05-03',8,12,5,'normal',NULL),(1736,1743647330,'2025-05-03',8,12,5,'normal',NULL),(1737,1743647342,'2025-05-03',8,12,5,'normal',NULL),(1752,19,'2025-05-03',13,17,5,'normal',NULL),(1753,21,'2025-05-03',13,17,5,'normal',NULL),(1754,22,'2025-05-03',13,17,5,'normal',NULL),(1755,1743647323,'2025-05-03',13,17,5,'normal',NULL),(1756,1743647324,'2025-05-03',13,17,5,'normal',NULL),(1757,1743647334,'2025-05-03',13,17,5,'normal',NULL),(1758,1743647322,'2025-05-03',13,17,5,'normal',NULL),(1759,1743647338,'2025-05-03',13,17,5,'normal',NULL),(1760,1743647339,'2025-05-03',13,17,5,'normal',NULL),(1761,1743647340,'2025-05-03',13,17,5,'normal',NULL),(1762,1743647341,'2025-05-03',13,17,5,'normal',NULL),(1763,1743647328,'2025-05-03',13,17,5,'normal',NULL),(1764,1743647329,'2025-05-03',13,17,5,'normal',NULL),(1765,1743647330,'2025-05-03',13,17,5,'normal',NULL),(1766,1743647342,'2025-05-03',13,17,5,'normal',NULL),(1767,2,'2025-05-04',8,12,5,'normal',NULL),(1768,3,'2025-05-04',8,12,5,'normal',NULL),(1769,4,'2025-05-04',8,12,5,'normal',NULL),(1770,19,'2025-05-04',13,17,5,'normal',NULL),(1771,20,'2025-05-04',8,12,5,'normal',NULL),(1772,21,'2025-05-04',8,12,5,'normal',NULL),(1773,22,'2025-05-04',13,12,5,'normal',NULL),(1774,1743647323,'2025-05-04',8,12,5,'normal',NULL),(1775,1743647324,'2025-05-04',8,12,5,'normal',NULL),(1776,1743647334,'2025-05-04',8,12,5,'normal',NULL),(1777,23,'2025-05-04',13,12,5,'normal',NULL),(1778,1743641644,'2025-05-04',8,12,5,'normal',NULL),(1779,1743645803,'2025-05-04',8,12,5,'normal',NULL),(1780,1743646046,'2025-05-04',8,12,5,'normal',NULL),(1781,1743647336,'2025-05-04',8,12,5,'normal',NULL),(1782,1743647322,'2025-05-04',8,12,5,'normal',NULL),(1783,1743647338,'2025-05-04',8,12,5,'normal',NULL),(1784,1743647339,'2025-05-04',8,12,5,'normal',NULL),(1785,1743647340,'2025-05-04',8,12,5,'normal',NULL),(1786,1743647341,'2025-05-04',8,12,5,'normal',NULL),(1798,2,'2025-05-04',13,17,5,'normal',NULL),(1799,3,'2025-05-04',13,17,5,'normal',NULL),(1800,4,'2025-05-04',13,17,5,'normal',NULL),(1801,20,'2025-05-04',13,17,5,'normal',NULL),(1802,21,'2025-05-04',13,17,5,'normal',NULL),(1803,1743647323,'2025-05-04',13,17,5,'normal',NULL),(1804,1743647324,'2025-05-04',13,17,5,'normal',NULL),(1805,1743647334,'2025-05-04',13,17,5,'normal',NULL),(1806,1743641644,'2025-05-04',13,17,5,'normal',NULL),(1807,1743645803,'2025-05-04',13,17,5,'normal',NULL),(1808,1743646046,'2025-05-04',13,17,5,'normal',NULL),(1809,1743647336,'2025-05-04',13,17,5,'normal',NULL),(1810,1743647322,'2025-05-04',13,17,5,'normal',NULL),(1811,1743647338,'2025-05-04',13,17,5,'normal',NULL),(1812,1743647339,'2025-05-04',13,17,5,'normal',NULL),(1813,1743647340,'2025-05-04',13,17,5,'normal',NULL),(1814,1743647341,'2025-05-04',13,17,5,'normal',NULL),(1829,5,'2025-05-05',8,12,5,'normal',NULL),(1830,6,'2025-05-05',8,12,5,'normal',NULL),(1831,7,'2025-05-05',8,12,5,'normal',NULL),(1832,1743647325,'2025-05-05',8,12,5,'normal',NULL),(1833,1743647327,'2025-05-05',13,17,5,'normal',NULL),(1834,16,'2025-05-05',8,12,5,'normal',NULL),(1835,16,'2025-05-05',8,12,5,'normal',NULL),(1836,17,'2025-05-05',8,12,5,'normal',NULL),(1837,17,'2025-05-05',8,17,5,'normal',NULL),(1838,18,'2025-05-05',13,12,5,'normal',NULL),(1839,18,'2025-05-05',8,12,5,'normal',NULL),(1840,1743647331,'2025-05-05',8,12,5,'normal',NULL),(1841,1743647331,'2025-05-05',8,12,5,'normal',NULL),(1842,1743647335,'2025-05-05',8,12,5,'normal',NULL),(1843,1743647335,'2025-05-05',8,12,5,'normal',NULL),(1844,5,'2025-05-05',13,17,5,'normal',NULL),(1845,6,'2025-05-05',13,17,5,'normal',NULL),(1846,7,'2025-05-05',13,17,5,'normal',NULL),(1847,1743647325,'2025-05-05',13,17,5,'normal',NULL),(1848,16,'2025-05-05',13,17,5,'normal',NULL),(1849,16,'2025-05-05',13,17,5,'normal',NULL),(1850,17,'2025-05-05',13,17,5,'normal',NULL),(1851,18,'2025-05-05',13,17,5,'normal',NULL),(1852,1743647331,'2025-05-05',13,17,5,'normal',NULL),(1853,1743647331,'2025-05-05',13,17,5,'normal',NULL),(1854,1743647335,'2025-05-05',13,17,5,'normal',NULL),(1855,1743647335,'2025-05-05',13,17,5,'normal',NULL),(1859,5,'2025-05-06',8,12,5,'normal',NULL),(1860,6,'2025-05-06',8,12,5,'normal',NULL),(1861,7,'2025-05-06',8,12,5,'normal',NULL),(1862,1743647325,'2025-05-06',8,17,5,'normal',NULL),(1863,1743647327,'2025-05-06',8,12,5,'normal',NULL),(1864,12,'2025-05-06',8,12,5,'normal',NULL),(1865,13,'2025-05-06',13,17,5,'normal',NULL),(1866,14,'2025-05-06',8,12,5,'normal',NULL),(1867,15,'2025-05-06',13,17,5,'normal',NULL),(1868,1743647326,'2025-05-06',8,12,5,'normal',NULL),(1869,1743647333,'2025-05-06',8,12,5,'normal',NULL),(1870,23,'2025-05-06',8,12,5,'normal',NULL),(1871,1743641644,'2025-05-06',8,12,5,'normal',NULL),(1872,1743645803,'2025-05-06',8,12,5,'normal',NULL),(1873,1743646046,'2025-05-06',8,12,5,'normal',NULL),(1874,1743647336,'2025-05-06',8,12,5,'normal',NULL),(1875,1743646073,'2025-05-06',8,12,5,'normal',NULL),(1876,1743646073,'2025-05-06',8,12,5,'normal',NULL),(1877,1743647321,'2025-05-06',8,12,5,'normal',NULL),(1878,1743647321,'2025-05-06',8,12,5,'normal',NULL),(1879,1743647332,'2025-05-06',13,12,5,'normal',NULL),(1880,1743647332,'2025-05-06',8,12,5,'normal',NULL),(1881,1743647337,'2025-05-06',8,12,5,'normal',NULL),(1882,1743647337,'2025-05-06',8,12,5,'normal',NULL),(1883,1743647343,'2025-05-06',8,12,5,'normal',NULL),(1884,1743647343,'2025-05-06',8,12,5,'normal',NULL),(1885,1,'2025-05-06',8,12,5,'normal',NULL),(1886,1743647328,'2025-05-06',8,12,5,'normal',NULL),(1887,1743647329,'2025-05-06',13,17,5,'normal',NULL),(1888,1743647330,'2025-05-06',8,12,5,'normal',NULL),(1889,1743647342,'2025-05-06',8,12,5,'normal',NULL),(1890,5,'2025-05-06',13,17,5,'normal',NULL),(1891,6,'2025-05-06',13,17,5,'normal',NULL),(1892,7,'2025-05-06',13,17,5,'normal',NULL),(1893,1743647327,'2025-05-06',13,17,5,'normal',NULL),(1894,12,'2025-05-06',13,17,5,'normal',NULL),(1895,1743647326,'2025-05-06',13,17,5,'normal',NULL),(1896,1743647333,'2025-05-06',13,17,5,'normal',NULL),(1897,23,'2025-05-06',13,17,5,'normal',NULL),(1898,1743641644,'2025-05-06',13,17,5,'normal',NULL),(1899,1743645803,'2025-05-06',13,17,5,'normal',NULL),(1900,1743646046,'2025-05-06',13,17,5,'normal',NULL),(1901,1743647336,'2025-05-06',13,17,5,'normal',NULL),(1902,1743646073,'2025-05-06',13,17,5,'normal',NULL),(1903,1743646073,'2025-05-06',13,17,5,'normal',NULL),(1904,1743647321,'2025-05-06',13,17,5,'normal',NULL),(1905,1743647321,'2025-05-06',13,17,5,'normal',NULL),(1906,1743647332,'2025-05-06',13,17,5,'normal',NULL),(1907,1743647337,'2025-05-06',13,17,5,'normal',NULL),(1908,1743647343,'2025-05-06',13,17,5,'normal',NULL),(1909,1,'2025-05-06',13,17,5,'normal',NULL),(1910,1743647328,'2025-05-06',13,17,5,'normal',NULL),(1911,1743647330,'2025-05-06',13,17,5,'normal',NULL),(1921,2,'2025-05-08',8,12,5,'normal',NULL),(1922,3,'2025-05-08',8,12,5,'normal',NULL),(1923,4,'2025-05-08',8,12,5,'normal',NULL),(1924,8,'2025-05-08',8,12,5,'normal',NULL),(1925,9,'2025-05-08',8,12,5,'normal',NULL),(1926,10,'2025-05-08',8,12,5,'normal',NULL),(1927,11,'2025-05-08',8,12,5,'normal',NULL),(1928,12,'2025-05-08',8,12,5,'normal',NULL),(1929,13,'2025-05-08',8,12,5,'normal',NULL),(1930,14,'2025-05-08',8,12,5,'normal',NULL),(1931,15,'2025-05-08',8,12,5,'normal',NULL),(1932,1743647326,'2025-05-08',8,12,5,'normal',NULL),(1933,1743647333,'2025-05-08',8,17,5,'normal',NULL),(1936,2,'2025-05-08',13,17,5,'normal',NULL),(1937,4,'2025-05-08',13,17,5,'normal',NULL),(1938,8,'2025-05-08',13,17,5,'normal',NULL),(1939,9,'2025-05-08',13,17,5,'normal',NULL),(1940,11,'2025-05-08',13,17,5,'normal',NULL),(1941,13,'2025-05-08',13,17,5,'normal',NULL),(1942,14,'2025-05-08',13,17,5,'normal',NULL),(1943,15,'2025-05-08',13,17,5,'normal',NULL),(1944,1743647326,'2025-05-08',13,17,5,'normal',NULL),(1951,8,'2025-05-09',8,12,5,'normal',NULL),(1952,9,'2025-05-09',8,12,5,'normal',NULL),(1953,10,'2025-05-09',8,12,5,'normal',NULL),(1954,11,'2025-05-09',8,12,5,'normal',NULL),(1958,8,'2025-05-09',13,17,5,'normal',NULL),(1959,9,'2025-05-09',13,17,5,'normal',NULL),(1960,10,'2025-05-09',13,17,5,'normal',NULL),(1961,11,'2025-05-09',13,17,5,'normal',NULL),(1965,19,'2025-05-10',8,12,5,'normal',NULL),(1966,20,'2025-05-10',13,17,5,'normal',NULL),(1967,21,'2025-05-10',8,12,5,'normal',NULL),(1968,22,'2025-05-10',8,12,5,'normal',NULL),(1969,1743647323,'2025-05-10',8,12,5,'normal',NULL),(1970,1743647324,'2025-05-10',8,12,5,'normal',NULL),(1971,1743647334,'2025-05-10',8,12,5,'normal',NULL),(1972,1743647322,'2025-05-10',8,12,5,'normal',NULL),(1973,1743647338,'2025-05-10',8,12,5,'normal',NULL),(1974,1743647339,'2025-05-10',8,12,5,'normal',NULL),(1975,1743647340,'2025-05-10',8,12,5,'normal',NULL),(1976,1743647341,'2025-05-10',8,12,5,'normal',NULL),(1977,1,'2025-05-10',13,12,5,'normal',NULL),(1978,1743647328,'2025-05-10',8,12,5,'normal',NULL),(1979,1743647329,'2025-05-10',8,12,5,'normal',NULL),(1980,1743647330,'2025-05-10',8,12,5,'normal',NULL),(1981,1743647342,'2025-05-10',8,12,5,'normal',NULL),(1996,19,'2025-05-10',13,17,5,'normal',NULL),(1997,21,'2025-05-10',13,17,5,'normal',NULL),(1998,22,'2025-05-10',13,17,5,'normal',NULL),(1999,1743647323,'2025-05-10',13,17,5,'normal',NULL),(2000,1743647324,'2025-05-10',13,17,5,'normal',NULL),(2001,1743647334,'2025-05-10',13,17,5,'normal',NULL),(2002,1743647322,'2025-05-10',13,17,5,'normal',NULL),(2003,1743647338,'2025-05-10',13,17,5,'normal',NULL),(2004,1743647339,'2025-05-10',13,17,5,'normal',NULL),(2005,1743647340,'2025-05-10',13,17,5,'normal',NULL),(2006,1743647341,'2025-05-10',13,17,5,'normal',NULL),(2007,1743647328,'2025-05-10',13,17,5,'normal',NULL),(2008,1743647329,'2025-05-10',13,17,5,'normal',NULL),(2009,1743647330,'2025-05-10',13,17,5,'normal',NULL),(2010,1743647342,'2025-05-10',13,17,5,'normal',NULL),(2011,2,'2025-05-11',8,12,5,'normal',NULL),(2012,3,'2025-05-11',8,12,5,'normal',NULL),(2013,4,'2025-05-11',8,12,5,'normal',NULL),(2014,19,'2025-05-11',13,17,5,'normal',NULL),(2015,20,'2025-05-11',8,12,5,'normal',NULL),(2016,21,'2025-05-11',8,12,5,'normal',NULL),(2017,22,'2025-05-11',8,12,5,'normal',NULL),(2018,1743647323,'2025-05-11',8,12,5,'normal',NULL),(2019,1743647324,'2025-05-11',8,12,5,'normal',NULL),(2020,1743647334,'2025-05-11',8,12,5,'normal',NULL),(2021,23,'2025-05-11',8,17,5,'normal',NULL),(2022,1743641644,'2025-05-11',8,12,5,'normal',NULL),(2023,1743645803,'2025-05-11',8,12,5,'normal',NULL),(2024,1743646046,'2025-05-11',8,12,5,'normal',NULL),(2025,1743647336,'2025-05-11',8,12,5,'normal',NULL),(2026,1743647322,'2025-05-11',8,12,5,'normal',NULL),(2027,1743647338,'2025-05-11',8,12,5,'normal',NULL),(2028,1743647339,'2025-05-11',8,12,5,'normal',NULL),(2029,1743647340,'2025-05-11',8,12,5,'normal',NULL),(2030,1743647341,'2025-05-11',8,12,5,'normal',NULL),(2042,2,'2025-05-11',13,17,5,'normal',NULL),(2043,3,'2025-05-11',13,17,5,'normal',NULL),(2044,4,'2025-05-11',13,17,5,'normal',NULL),(2045,20,'2025-05-11',13,17,5,'normal',NULL),(2046,21,'2025-05-11',13,17,5,'normal',NULL),(2047,1743647323,'2025-05-11',13,17,5,'normal',NULL),(2048,1743647324,'2025-05-11',13,17,5,'normal',NULL),(2049,1743647334,'2025-05-11',13,17,5,'normal',NULL),(2050,1743641644,'2025-05-11',13,17,5,'normal',NULL),(2051,1743645803,'2025-05-11',13,17,5,'normal',NULL),(2052,1743646046,'2025-05-11',13,17,5,'normal',NULL),(2053,1743647336,'2025-05-11',13,17,5,'normal',NULL),(2054,1743647322,'2025-05-11',13,17,5,'normal',NULL),(2055,1743647338,'2025-05-11',13,17,5,'normal',NULL),(2056,1743647339,'2025-05-11',13,17,5,'normal',NULL),(2057,1743647340,'2025-05-11',13,17,5,'normal',NULL),(2058,1743647341,'2025-05-11',13,17,5,'normal',NULL),(2073,5,'2025-05-12',8,12,5,'normal',NULL),(2074,6,'2025-05-12',8,12,5,'normal',NULL),(2075,7,'2025-05-12',8,12,5,'normal',NULL),(2076,1743647325,'2025-05-12',8,12,5,'normal',NULL),(2077,1743647327,'2025-05-12',8,12,5,'normal',NULL),(2078,16,'2025-05-12',8,12,5,'normal',NULL),(2079,16,'2025-05-12',8,12,5,'normal',NULL),(2080,17,'2025-05-12',8,12,5,'normal',NULL),(2081,17,'2025-05-12',8,12,5,'normal',NULL),(2082,18,'2025-05-12',8,17,5,'normal',NULL),(2083,18,'2025-05-12',8,12,5,'normal',NULL),(2084,1743647331,'2025-05-12',8,12,5,'normal',NULL),(2085,1743647331,'2025-05-12',8,12,5,'normal',NULL),(2086,1743647335,'2025-05-12',8,12,5,'normal',NULL),(2087,1743647335,'2025-05-12',8,12,5,'normal',NULL),(2088,5,'2025-05-12',13,17,5,'normal',NULL),(2089,6,'2025-05-12',13,17,5,'normal',NULL),(2090,7,'2025-05-12',13,17,5,'normal',NULL),(2091,1743647325,'2025-05-12',13,17,5,'normal',NULL),(2092,16,'2025-05-12',13,17,5,'normal',NULL),(2093,16,'2025-05-12',13,17,5,'normal',NULL),(2094,17,'2025-05-12',13,17,5,'normal',NULL),(2095,18,'2025-05-12',13,17,5,'normal',NULL),(2096,1743647331,'2025-05-12',13,17,5,'normal',NULL),(2097,1743647331,'2025-05-12',13,17,5,'normal',NULL),(2098,1743647335,'2025-05-12',13,17,5,'normal',NULL),(2099,1743647335,'2025-05-12',13,17,5,'normal',NULL),(2103,5,'2025-05-13',8,12,5,'normal',NULL),(2104,6,'2025-05-13',8,12,5,'normal',NULL),(2105,7,'2025-05-13',8,12,5,'normal',NULL),(2106,1743647325,'2025-05-13',8,17,5,'normal',NULL),(2107,1743647327,'2025-05-13',8,12,5,'normal',NULL),(2108,12,'2025-05-13',8,12,5,'normal',NULL),(2109,13,'2025-05-13',13,17,5,'normal',NULL),(2110,14,'2025-05-13',8,12,5,'normal',NULL),(2111,15,'2025-05-13',8,12,5,'normal',NULL),(2112,1743647326,'2025-05-13',8,12,5,'normal',NULL),(2113,1743647333,'2025-05-13',8,12,5,'normal',NULL),(2114,23,'2025-05-13',8,12,5,'normal',NULL),(2115,1743641644,'2025-05-13',8,12,5,'normal',NULL),(2116,1743645803,'2025-05-13',8,12,5,'normal',NULL),(2117,1743646046,'2025-05-13',8,12,5,'normal',NULL),(2118,1743647336,'2025-05-13',8,12,5,'normal',NULL),(2119,1743646073,'2025-05-13',8,12,5,'normal',NULL),(2120,1743646073,'2025-05-13',8,12,5,'normal',NULL),(2121,1743647321,'2025-05-13',8,12,5,'normal',NULL),(2122,1743647321,'2025-05-13',8,12,5,'normal',NULL),(2123,1743647332,'2025-05-13',13,17,5,'normal',NULL),(2124,1743647332,'2025-05-13',8,12,5,'normal',NULL),(2125,1743647337,'2025-05-13',8,17,5,'normal',NULL),(2126,1743647337,'2025-05-13',8,12,5,'normal',NULL),(2127,1743647343,'2025-05-13',8,12,5,'normal',NULL),(2128,1743647343,'2025-05-13',8,12,5,'normal',NULL),(2129,1,'2025-05-13',8,12,5,'normal',NULL),(2130,1743647328,'2025-05-13',8,12,5,'normal',NULL),(2131,1743647329,'2025-05-13',8,12,5,'normal',NULL),(2132,1743647330,'2025-05-13',8,12,5,'normal',NULL),(2133,1743647342,'2025-05-13',13,17,5,'normal',NULL),(2134,5,'2025-05-13',13,17,5,'normal',NULL),(2135,6,'2025-05-13',13,17,5,'normal',NULL),(2136,7,'2025-05-13',13,17,5,'normal',NULL),(2137,1743647327,'2025-05-13',13,17,5,'normal',NULL),(2138,12,'2025-05-13',13,17,5,'normal',NULL),(2139,1743647326,'2025-05-13',13,17,5,'normal',NULL),(2140,1743647333,'2025-05-13',13,17,5,'normal',NULL),(2141,23,'2025-05-13',13,17,5,'normal',NULL),(2142,1743641644,'2025-05-13',13,17,5,'normal',NULL),(2143,1743645803,'2025-05-13',13,17,5,'normal',NULL),(2144,1743646046,'2025-05-13',13,17,5,'normal',NULL),(2145,1743647336,'2025-05-13',13,17,5,'normal',NULL),(2146,1743646073,'2025-05-13',13,17,5,'normal',NULL),(2147,1743646073,'2025-05-13',13,17,5,'normal',NULL),(2148,1743647321,'2025-05-13',13,17,5,'normal',NULL),(2149,1743647321,'2025-05-13',13,17,5,'normal',NULL),(2150,1743647332,'2025-05-13',13,17,5,'normal',NULL),(2151,1743647337,'2025-05-13',13,17,5,'normal',NULL),(2152,1743647343,'2025-05-13',13,17,5,'normal',NULL),(2153,1,'2025-05-13',13,17,5,'normal',NULL),(2154,1743647328,'2025-05-13',13,17,5,'normal',NULL),(2155,1743647330,'2025-05-13',13,17,5,'normal',NULL),(2165,2,'2025-05-15',8,12,5,'normal',NULL),(2166,3,'2025-05-15',13,17,5,'normal',NULL),(2167,4,'2025-05-15',8,12,5,'normal',NULL),(2168,8,'2025-05-15',8,12,5,'normal',NULL),(2169,9,'2025-05-15',8,12,5,'normal',NULL),(2170,10,'2025-05-15',13,12,5,'normal',NULL),(2171,11,'2025-05-15',8,12,5,'normal',NULL),(2172,12,'2025-05-15',13,12,5,'normal',NULL),(2173,13,'2025-05-15',8,12,5,'normal',NULL),(2174,14,'2025-05-15',8,12,5,'normal',NULL),(2175,15,'2025-05-15',8,12,5,'normal',NULL),(2176,1743647326,'2025-05-15',8,12,5,'normal',NULL),(2177,1743647333,'2025-05-15',13,12,5,'normal',NULL),(2180,2,'2025-05-15',13,17,5,'normal',NULL),(2181,4,'2025-05-15',13,17,5,'normal',NULL),(2182,8,'2025-05-15',13,17,5,'normal',NULL),(2183,9,'2025-05-15',13,17,5,'normal',NULL),(2184,11,'2025-05-15',13,17,5,'normal',NULL),(2185,13,'2025-05-15',13,17,5,'normal',NULL),(2186,14,'2025-05-15',13,17,5,'normal',NULL),(2187,15,'2025-05-15',13,17,5,'normal',NULL),(2188,1743647326,'2025-05-15',13,17,5,'normal',NULL),(2195,8,'2025-05-16',8,12,5,'normal',NULL),(2196,9,'2025-05-16',8,12,5,'normal',NULL),(2197,10,'2025-05-16',8,12,5,'normal',NULL),(2198,11,'2025-05-16',8,12,5,'normal',NULL),(2202,8,'2025-05-16',13,17,5,'normal',NULL),(2203,9,'2025-05-16',13,17,5,'normal',NULL),(2204,10,'2025-05-16',13,17,5,'normal',NULL),(2205,11,'2025-05-16',13,17,5,'normal',NULL),(2209,19,'2025-05-17',8,12,5,'normal',NULL),(2210,20,'2025-05-17',8,12,5,'normal',NULL),(2211,21,'2025-05-17',8,12,5,'normal',NULL),(2212,22,'2025-05-17',8,12,5,'normal',NULL),(2213,1743647323,'2025-05-17',8,12,5,'normal',NULL),(2214,1743647324,'2025-05-17',8,12,5,'normal',NULL),(2215,1743647334,'2025-05-17',8,12,5,'normal',NULL),(2216,1743647322,'2025-05-17',8,12,5,'normal',NULL),(2217,1743647338,'2025-05-17',8,12,5,'normal',NULL),(2218,1743647339,'2025-05-17',8,12,5,'normal',NULL),(2219,1743647340,'2025-05-17',8,12,5,'normal',NULL),(2220,1743647341,'2025-05-17',8,12,5,'normal',NULL),(2221,1,'2025-05-17',13,17,5,'normal',NULL),(2222,1743647328,'2025-05-17',8,12,5,'normal',NULL),(2223,1743647329,'2025-05-17',8,12,5,'normal',NULL),(2224,1743647330,'2025-05-17',8,12,5,'normal',NULL),(2225,1743647342,'2025-05-17',8,12,5,'normal',NULL),(2240,19,'2025-05-17',13,17,5,'normal',NULL),(2241,21,'2025-05-17',13,17,5,'normal',NULL),(2242,22,'2025-05-17',13,17,5,'normal',NULL),(2243,1743647323,'2025-05-17',13,17,5,'normal',NULL),(2244,1743647324,'2025-05-17',13,17,5,'normal',NULL),(2245,1743647334,'2025-05-17',13,17,5,'normal',NULL),(2246,1743647322,'2025-05-17',13,17,5,'normal',NULL),(2247,1743647338,'2025-05-17',13,17,5,'normal',NULL),(2248,1743647339,'2025-05-17',13,17,5,'normal',NULL),(2249,1743647340,'2025-05-17',13,17,5,'normal',NULL),(2250,1743647341,'2025-05-17',13,17,5,'normal',NULL),(2251,1743647328,'2025-05-17',13,17,5,'normal',NULL),(2252,1743647329,'2025-05-17',13,17,5,'normal',NULL),(2253,1743647330,'2025-05-17',13,17,5,'normal',NULL),(2254,1743647342,'2025-05-17',13,17,5,'normal',NULL),(2255,2,'2025-05-18',8,12,5,'normal',NULL),(2256,3,'2025-05-18',8,12,5,'normal',NULL),(2257,4,'2025-05-18',8,12,5,'normal',NULL),(2258,19,'2025-05-18',13,17,5,'normal',NULL),(2259,20,'2025-05-18',8,12,5,'normal',NULL),(2260,21,'2025-05-18',8,12,5,'normal',NULL),(2261,22,'2025-05-18',8,12,5,'normal',NULL),(2262,1743647323,'2025-05-18',8,12,5,'normal',NULL),(2263,1743647324,'2025-05-18',8,12,5,'normal',NULL),(2264,1743647334,'2025-05-18',8,12,5,'normal',NULL),(2265,23,'2025-05-18',13,17,5,'normal',NULL),(2266,1743641644,'2025-05-18',8,12,5,'normal',NULL),(2267,1743645803,'2025-05-18',8,12,5,'normal',NULL),(2268,1743646046,'2025-05-18',8,12,5,'normal',NULL),(2269,1743647336,'2025-05-18',8,12,5,'normal',NULL),(2270,1743647322,'2025-05-18',8,12,5,'normal',NULL),(2271,1743647338,'2025-05-18',8,12,5,'normal',NULL),(2272,1743647339,'2025-05-18',8,12,5,'normal',NULL),(2273,1743647340,'2025-05-18',8,12,5,'normal',NULL),(2274,1743647341,'2025-05-18',8,12,5,'normal',NULL),(2286,2,'2025-05-18',13,17,5,'normal',NULL),(2287,3,'2025-05-18',13,17,5,'normal',NULL),(2288,4,'2025-05-18',13,17,5,'normal',NULL),(2289,20,'2025-05-18',13,17,5,'normal',NULL),(2290,21,'2025-05-18',13,17,5,'normal',NULL),(2291,1743647323,'2025-05-18',13,17,5,'normal',NULL),(2292,1743647324,'2025-05-18',13,17,5,'normal',NULL),(2293,1743647334,'2025-05-18',13,17,5,'normal',NULL),(2294,1743641644,'2025-05-18',13,17,5,'normal',NULL),(2295,1743645803,'2025-05-18',13,17,5,'normal',NULL),(2296,1743646046,'2025-05-18',13,17,5,'normal',NULL),(2297,1743647336,'2025-05-18',13,17,5,'normal',NULL),(2298,1743647322,'2025-05-18',13,17,5,'normal',NULL),(2299,1743647338,'2025-05-18',13,17,5,'normal',NULL),(2300,1743647339,'2025-05-18',13,17,5,'normal',NULL),(2301,1743647340,'2025-05-18',13,17,5,'normal',NULL),(2302,1743647341,'2025-05-18',13,17,5,'normal',NULL),(2317,5,'2025-05-19',8,12,5,'normal',NULL),(2318,6,'2025-05-19',8,12,5,'normal',NULL),(2319,7,'2025-05-19',8,12,5,'normal',NULL),(2320,1743647325,'2025-05-19',8,12,5,'normal',NULL),(2321,1743647327,'2025-05-19',13,17,5,'normal',NULL),(2322,16,'2025-05-19',8,12,5,'normal',NULL),(2323,16,'2025-05-19',8,12,5,'normal',NULL),(2324,17,'2025-05-19',8,12,5,'normal',NULL),(2325,17,'2025-05-19',8,12,5,'normal',NULL),(2326,18,'2025-05-19',13,12,5,'normal',NULL),(2327,18,'2025-05-19',8,12,5,'normal',NULL),(2328,1743647331,'2025-05-19',8,12,5,'normal',NULL),(2329,1743647331,'2025-05-19',8,12,5,'normal',NULL),(2330,1743647335,'2025-05-19',8,12,5,'normal',NULL),(2331,1743647335,'2025-05-19',8,12,5,'normal',NULL),(2332,5,'2025-05-19',13,17,5,'normal',NULL),(2333,6,'2025-05-19',13,17,5,'normal',NULL),(2334,7,'2025-05-19',13,17,5,'normal',NULL),(2335,1743647325,'2025-05-19',13,17,5,'normal',NULL),(2336,16,'2025-05-19',13,17,5,'normal',NULL),(2337,16,'2025-05-19',13,17,5,'normal',NULL),(2338,17,'2025-05-19',13,17,5,'normal',NULL),(2339,18,'2025-05-19',13,17,5,'normal',NULL),(2340,1743647331,'2025-05-19',13,17,5,'normal',NULL),(2341,1743647331,'2025-05-19',13,17,5,'normal',NULL),(2342,1743647335,'2025-05-19',13,17,5,'normal',NULL),(2343,1743647335,'2025-05-19',13,17,5,'normal',NULL),(2347,14,'2025-04-16',8,12,5,'normal','系统补缺'),(2348,1743647325,'2025-04-16',13,17,5,'normal','系统补缺'),(2349,16,'2025-04-23',8,12,5,'normal','系统补缺'),(2350,6,'2025-04-23',13,17,5,'normal','系统补缺'),(2351,16,'2025-04-30',8,12,5,'normal','系统补缺'),(2352,1743647337,'2025-04-30',13,17,5,'normal','系统补缺'),(2353,1743647326,'2025-05-07',8,12,5,'normal','系统补缺'),(2354,23,'2025-05-07',13,17,5,'normal','系统补缺'),(2355,19,'2025-05-14',8,12,5,'normal','系统补缺'),(2356,19,'2025-05-14',13,17,5,'normal','系统补缺');
/*!40000 ALTER TABLE `ConsultantSchedules` ENABLE KEYS */;
UNLOCK TABLES;

--
-- Table structure for table `Consultants`
--

DROP TABLE IF EXISTS `Consultants`;
/*!40101 SET @saved_cs_client     = @@character_set_client */;
/*!50503 SET character_set_client = utf8mb4 */;
CREATE TABLE `Consultants` (
  `consultant_id` int NOT NULL AUTO_INCREMENT,
  `name` varchar(50) NOT NULL,
  `professional_info` text,
  `password_HashwithSalt` varchar(255) NOT NULL,
  `salt` varchar(255) NOT NULL,
  `supervisor_id` int DEFAULT '24',
  PRIMARY KEY (`consultant_id`),
  KEY `superviser_id` (`supervisor_id`),
  CONSTRAINT `Consultants_ibfk_1` FOREIGN KEY (`supervisor_id`) REFERENCES `Supervisors` (`supervisor_id`)
) ENGINE=InnoDB AUTO_INCREMENT=1743647345 DEFAULT CHARSET=utf8mb4 COLLATE=utf8mb4_0900_ai_ci;
/*!40101 SET character_set_client = @saved_cs_client */;

--
-- Dumping data for table `Consultants`
--

LOCK TABLES `Consultants` WRITE;
/*!40000 ALTER TABLE `Consultants` DISABLE KEYS */;
INSERT INTO `Consultants` VALUES (1,'李明a12345','华东师范大学应用心理学硕士，心理健康教育中心咨询师。擅长领域：大学生心理健康、情绪管理与压力应对。','VHvWbDSdlptvyvyUlsm12JlniWNevoZWP7+1uwJSFfQ=','baVcmscvWdZYnKRPk/jJJg==',1743647785),(2,'王丽b12345','华东师范大学临床心理学硕士，心理健康教育中心咨询师。擅长领域：情绪调节、人际关系改善、自我成长。','fLtQIeNKXjqkzqWo80wvG6pIKjeBpcfcitfIJKL6/40=','3Ah+N0McCilWRmWZL7Tb+Q==',24),(3,'张伟c12345','华东师范大学发展心理学硕士，心理健康教育中心咨询师。擅长领域：青少年心理发展、学习障碍干预、家庭关系咨询。','++WjCPSDaPzYIfHu6ARsGzvetzbZD6mi/HP/juzo18w=','YzeLI5dS6tclZp4/iSgFUg==',24),(4,'赵静d12345','华东师范大学心理健康教育硕士，心理健康教育中心咨询师。擅长领域：大学生职业规划、人际交往技巧、情绪管理。','Mp015uXnbgc89PShu6l46CwRB0OR5HEDjA24lXgOBNk=','3lmuJjVgO/LwYtWODpokWA==',24),(5,'刘洋e12345','华东师范大学应用心理学硕士，心理健康教育中心咨询师。擅长领域：焦虑与抑郁情绪干预、大学生心理健康教育。','VUP9oFS9jdUH710oHHrpKw9fO7Iw3BSPmNl7hYz7k54=','IMUGnDvYvqG2nj1bzIehTA==',25),(6,'陈静f12345','华东师范大学临床心理学硕士，心理健康教育中心咨询师。擅长领域：情绪障碍治疗、人际关系问题、自我认知提升。','gCkzdsaGh5fXxW4b+zdmRxkvhdplKrkRKCxoQu7wm/g=','3xsj2ae2NBRREAvN39t3NA==',25),(7,'孙涛g12345','华东师范大学发展心理学硕士，心理健康教育中心咨询师。擅长领域：青少年心理发展、学习动力激发、家庭关系咨询。','jjNLCVhcSZZV6r9HZB1eC8LHHw13I7KgMUVhFzvAOgQ=','EX7rfNwuon6gbIu1bxZUUQ==',25),(8,'周敏h12345','华东师范大学心理健康教育硕士，心理健康教育中心咨询师。擅长领域：大学生心理健康、情绪管理、职业规划。','8VVpZglgjDjg6mvj2qMAQnqg7sVyXKsrjowXYMuWgTc=','we9sf2Pqc/G13BALcqpqOQ==',26),(9,'吴刚i12345','华东师范大学应用心理学硕士，心理健康教育中心咨询师。擅长领域：压力管理、情绪调节、大学生心理健康教育。','PMjWgrsNOn5Dbb44N4S4tFb8qvaCDRfruyEhFrOhPdc=','lZpSyKNvNAfOGXt+caV6og==',26),(10,'郑洁j12345','华东师范大学临床心理学硕士，心理健康教育中心咨询师。擅长领域：焦虑症治疗、情绪调节、人际关系改善。','qQqARAa39mHZX7Yxhucqvdo2t1GdDGpK1tg16jhPrLg=','FhUX6n1/5oK9EIcDtPDJjg==',26),(11,'冯伟k12345','华东师范大学发展心理学硕士，心理健康教育中心咨询师。擅长领域：青少年心理发展、学习障碍干预、家庭关系咨询。','h7Vt7eDzU0CEAKZ4wnF4s8wqzMqZWfdOLgJDIGB7Mu8=','9UohjpET1kwKGJk74cyD2A==',26),(12,'陈丽l12345','华东师范大学心理健康教育硕士，心理健康教育中心咨询师。擅长领域：大学生心理健康、情绪管理、职业规划。','ZrDLKjJku+C829I/6ZZZxZLpXd7wTDJ37NCPZqyGGK8=','BJfXXLLf6BSKHxQDfzu/RQ==',1743646292),(13,'黄强m12345','华东师范大学应用心理学硕士，心理健康教育中心咨询师。擅长领域：压力管理、情绪调节、大学生心理健康教育。','l826/fopztw+ttGYE4+XVi5x0DYUt+gew1MmDUr0GmY=','CZFm3nRDclccX5eIO29RSw==',1743646292),(14,'张静n12345','华东师范大学临床心理学硕士，心理健康教育中心咨询师。擅长领域：焦虑症治疗、情绪调节、人际关系改善。','gQZIstF85f680hx0zQSEID4YrVPUMF9Igq2jsl0iLE8=','MuVujgCibRzE0goakxmONg==',1743646292),(15,'李涛o12345','华东师范大学发展心理学硕士，心理健康教育中心咨询师。擅长领域：青少年心理发展、学习动力激发、家庭关系咨询。','XrYvA/57Ac82dZRqbR604RCg1R5MeqBQopu0LiSSOKU=','j66rbk/M6FtJvkP3HuMQlw==',1743646292),(16,'王敏p12345','华东师范大学心理健康教育硕士，心理健康教育中心咨询师。擅长领域：大学生心理健康、情绪管理、职业规划。','66BtNGw6tvMS4B4cCB3v5uPQr8k9aRBUb/pYRqIn0yg=','n5qOHjkhSFWyHR/GR2ORlQ==',1743646579),(17,'赵伟q12345','华东师范大学应用心理学硕士，心理健康教育中心咨询师。擅长领域：压力管理、情绪调节、大学生心理健康教育。','SjK9TDE7bxF3FKGdgIdXId4YP7yBk1XptxUxISZV4G8=','bjlq088QdYQ1nriDyaFgZQ==',1743646579),(18,'刘静r12345','华东师范大学临床心理学硕士，心理健康教育中心咨询师。擅长领域：焦虑症治疗、情绪调节、人际关系改善。','C3gzSM3TRmOrtVdAqhFed4qDjDt2iHJUeNfhkrnDuv4=','a5sTzwsOvGlHfRKbHFrRQg==',1743646579),(19,'陈涛s12345','华东师范大学发展心理学硕士，心理健康教育中心咨询师。擅长领域：青少年心理发展、学习动力激发、家庭关系咨询。','xxEiK+32J4WnV0yCDy0C/TRyzC4QLVaPKObF53s0LYY=','SQLeg9RCrfaS9wMhOJvaIQ==',1743646771),(20,'孙敏t12345','华东师范大学心理健康教育硕士，心理健康教育中心咨询师。擅长领域：大学生心理健康、情绪管理、职业规划。','gZmNV889E5q9GZmMYTi89fQiogSs/nVFeWZJtGJ7V1o=','vJZwtcp2eZOTWtcIL5nPqw==',1743646771),(21,'周伟u12345','华东师范大学应用心理学硕士，心理健康教育中心咨询师。擅长领域：压力管理、情绪调节、大学生心理健康教育。','FTw5OBoVSvGOpWXU9GOA1SK3MFOzxzhBySrxQHgCAEs=','ZvvHTdY4dQtfYED/5teA+w==',1743646771),(22,'吴静v12345','华东师范大学临床心理学硕士，心理健康教育中心咨询师。擅长领域：焦虑症治疗、情绪调节、人际关系改善。','Uxyh1TWqy0gNIkt7KLEHZ/1Lyb4IwtNX9TqWUaQxudM=','GJdC4aFZ8SOL4FjKuMALmw==',1743646771),(23,'郑涛w12345','华东师范大学发展心理学硕士，心理健康教育中心咨询师。擅长领域：青少年心理发展、学习动力激发、家庭关系咨询。','du0EeDei2vfK6TuddSGYCDlemk27qm5G+Dx18EyJqqI=','7msFT4g4kLyZj+D2YCYDTw==',1743647169),(1743641644,'jmy','精神分析流派','0MMKnUUk0EUu9m0+CMdHK55K84JBV1BcDDOYzptmoFM=','hPvRm8heWtSjIZXRSslsMg==',1743647169),(1743645803,'Mady',NULL,'vRXyUcGC2uuSzbI2Nv5WYaFQxMg6zgfUakVvFBzYiZY=','l+XZ43PPQbWkeEClZWq96Q==',1743647169),(1743646046,'Joy','认知行为学派','Sv1E4mK4gIdDNPeA7IHa/NotvyToIQLyPkTPDKJgyDU=','3I7/q2bP0FGqkvmGIElv2A==',1743647169),(1743646073,'cookie','行为学','xNgpZrESjmsD+PSR/Qhi5yv+9heC/tIe4VofxRIuswU=','KiBxQwUVibLFFYiho4b0xA==',1743647668),(1743647321,'wukong','怪诞心理学','KKeDDp+nqN0RI/RHTqz/Acq1u6dgky1Rx0MBGm8Ullw=','Cwu8p2n1LCJFIhDvhttq+g==',1743647668),(1743647322,'林雨晴','华东师范大学应用心理学硕士，心理健康教育中心咨询师。擅长领域：大学生心理健康、情绪管理、压力应对。','znnHNG8jh4ETF8/XwylzDryxOD40eE9l9ofCdt911A8=','e02ajbFxKwRjj7mnguJbbw==',1743647677),(1743647323,'陈思远','华东师范大学临床心理学硕士，心理健康教育中心咨询师。擅长领域：情绪调节、人际关系改善、自我成长。','4ZP4yhGrgzog+6F/zptzNmjfyuD1SSrFxc5na+HLhBI=','jE1ywLSVFyejnO7J7Dha8w==',1743646771),(1743647324,'张明辉','华东师范大学发展心理学硕士，心理健康教育中心咨询师。擅长领域：青少年心理发展、学习障碍干预、家庭关系咨询。','G0uHX5d7NDsml0E0f9fDXCR5alpwBVKVUR621uStMgA=','A94dNSJJn34DxOa/2rBq1w==',1743646771),(1743647325,'王静怡','华东师范大学心理健康教育硕士，心理健康教育中心咨询师。擅长领域：大学生职业规划、人际交往技巧、情绪管理。','0t0vT3YA9AT9E8eQwcBQ5zkhr4Ys9mZJpPLdXBHDjTk=','P6dVYQgdfMguc1UWeAXccg==',25),(1743647326,'刘星辰','华东师范大学应用心理学硕士，心理健康教育中心咨询师。擅长领域：焦虑与抑郁情绪干预、大学生心理健康教育。','ASIboxYtZ8S2BQAxmulU2VuxyiBdsIJyAyUIS7RPhwg=','+LSwlP9XGh0FgFc69GlkEA==',1743646292),(1743647327,'赵梦琪','华东师范大学临床心理学硕士，心理健康教育中心咨询师。擅长领域：情绪障碍治疗、人际关系问题、自我认知提升。','JNlb3bu7wjFk3zjhdFt1cFpEEuCwOogVMJDCRenOrLk=','cvHleThLF3+9eRZuMTMJZw==',25),(1743647328,'孙浩然','华东师范大学发展心理学硕士，心理健康教育中心咨询师。擅长领域：青少年心理发展、学习动力激发、家庭关系咨询。','rlbabhPMeFWVHo41s7TrPLxVLcvzflIaFFRSgMhYIdI=','9dyL6vKG8gWB9zepQ/+IRQ==',1743647785),(1743647329,'周雨桐','华东师范大学心理健康教育硕士，心理健康教育中心咨询师。擅长领域：大学生心理健康、情绪管理、职业规划。','5CHch1R6xJmx7qOr5g7ruWCafUZPIEvWDNtr+1RwEgg=','pySGAAU8aAjX2cIBrAkgaA==',1743647785),(1743647330,'吴泽洋','华东师范大学应用心理学硕士，心理健康教育中心咨询师。擅长领域：压力管理、情绪调节、大学生心理健康教育。','xqA6ZSG7HHAppFQcjcdD35dDEqi65ZI9vgxzd0ki7L8=','+WpCtUcznPMMEfss8HLZhA==',1743647785),(1743647331,'郑思琪','华东师范大学临床心理学硕士，心理健康教育中心咨询师。擅长领域：焦虑症治疗、情绪调节、人际关系改善。','qqqrsCteVwdheYR0iMW7il0cQ/lqGLqHuPLBobNyYdU=','G/2XFKnf9/kTBnEGYLW1mw==',1743646579),(1743647332,'冯子轩','华东师范大学发展心理学硕士，心理健康教育中心咨询师。擅长领域：青少年心理发展、学习障碍干预、家庭关系咨询。','LRKmOXP8EcqFOeT1wJdaA4NP0QKnqCy/06AN+I2v3SA=','wabAS/gQY8Sfll9r/+GFLw==',1743647668),(1743647333,'陈雅诗','华东师范大学心理健康教育硕士，心理健康教育中心咨询师。擅长领域：大学生心理健康、情绪管理、职业规划。','6xcf20tpFFrZ7zdp4l6MDoB7UnLNEVqgqSvVnWaDPlw=','6Z/LVaXVWNUVpmXsRY12ow==',1743646292),(1743647334,'黄子轩','华东师范大学应用心理学硕士，心理健康教育中心咨询师。擅长领域：压力管理、情绪调节、大学生心理健康教育。','6S9lHQq/HvV/UZeQjer0kzRCLLc6chNBbYQsrkJE1UA=','Ik2X4YKAES1EVXjeIwcGQw==',1743646771),(1743647335,'张雨晨','华东师范大学临床心理学硕士，心理健康教育中心咨询师。擅长领域：焦虑症治疗、情绪调节、人际关系改善。','7EnSqE6SmnlihKXwoLtRPnP/iiBTWQ9TL2PlpREZz0c=','gy6mBGKxnpoF+yIfWLAJPQ==',1743646579),(1743647336,'李泽宇','华东师范大学发展心理学硕士，心理健康教育中心咨询师。擅长领域：青少年心理发展、学习动力激发、家庭关系咨询。','Uu1CP4DskFJlT1y5c4U/AonzIYlPTprCWn9bR24wsgI=','10kKqoyfI5qHoeVuXY/Xuw==',1743647169),(1743647337,'苏明轩','华东师范大学应用心理学硕士，心理健康教育中心咨询师。擅长领域：大学生心理健康、情绪管理、压力应对。','os8IgiaWcSW+gFOqSETdZpiR+7rx2SqaIa6hQO3LP+A=','9CIWIKLoHrsVMCMgutREeA==',1743647668),(1743647338,'叶思琪','华东师范大学临床心理学硕士，心理健康教育中心咨询师。擅长领域：情绪调节、人际关系改善、自我成长。','xgkN/Mv35sqIXxyQ8EPQqSUbCinrpKJ/7K9q1b7NUXs=','OFjHB/3ayhwWQ3q3lJV8iw==',1743647677),(1743647339,'周子涵','华东师范大学发展心理学硕士，心理健康教育中心咨询师。擅长领域：青少年心理发展、学习障碍干预、家庭关系咨询。','1bsWjL/Ad3ENFVVPXoQXogrplBcqSFjgc4q18Qs+4aM=','i/bWkJhLNfIRafwdW0KIDw==',1743647677),(1743647340,'林雨晨','华东师范大学心理健康教育硕士，心理健康教育中心咨询师。擅长领域：大学生职业规划、人际交往技巧、情绪管理。','7AcegjhpYND9zbljd8DH3vDW1YjVGbeGldZ8NoGpkWk=','D03v/YpkKyvZA7zIG3Rz0w==',1743647677),(1743647341,'陈子轩','华东师范大学应用心理学硕士，心理健康教育中心咨询师。擅长领域：焦虑与抑郁情绪干预、大学生心理健康教育。','gQTJ0Y1QAmP3/vT9Fmr913v9O8zPgP3GGBkzQIiWCg0=','OJefaV4mQ5nrX5nUex+j6A==',1743647677),(1743647342,'张梦琪','华东师范大学临床心理学硕士，心理健康教育中心咨询师。擅长领域：情绪障碍治疗、人际关系问题、自我认知提升。','/DipCjIeAkNTIWLu7hAW/XzZccEySjOzg3se8+6ZyM4=','CoIVHK7W22tjI3L6MyG9xw==',1743647785),(1743647343,'王浩然','华东师范大学发展心理学硕士，心理健康教育中心咨询师。擅长领域：青少年心理发展、学习动力激发、家庭关系咨询。','Ppg1o5S3v9SkoW2ond9V/rgUqKGYt5iP6dMaUTKCpWg=','lfZY34DLJSRCJ3KXIwKhPw==',1743647668);
/*!40000 ALTER TABLE `Consultants` ENABLE KEYS */;
UNLOCK TABLES;

--
-- Table structure for table `ConsultationSessions`
--

DROP TABLE IF EXISTS `ConsultationSessions`;
/*!40101 SET @saved_cs_client     = @@character_set_client */;
/*!50503 SET character_set_client = utf8mb4 */;
CREATE TABLE `ConsultationSessions` (
  `session_id` int NOT NULL AUTO_INCREMENT,
  `appointment_id` int DEFAULT NULL,
  `user_id` int NOT NULL,
  `consultant_id` int NOT NULL,
  `start_time` datetime NOT NULL,
  `chat_log` text,
  `session_status` enum('active','completed','ready') NOT NULL,
  `end_time` datetime DEFAULT NULL,
  `rating` tinyint DEFAULT NULL,
  `feedback` text,
  PRIMARY KEY (`session_id`),
  UNIQUE KEY `appointment_id` (`appointment_id`),
  KEY `user_id` (`user_id`),
  KEY `consultant_id` (`consultant_id`),
  CONSTRAINT `ConsultationSessions_ibfk_1` FOREIGN KEY (`user_id`) REFERENCES `Users` (`user_id`),
  CONSTRAINT `ConsultationSessions_ibfk_2` FOREIGN KEY (`consultant_id`) REFERENCES `Consultants` (`consultant_id`),
  CONSTRAINT `ConsultationSessions_ibfk_3` FOREIGN KEY (`appointment_id`) REFERENCES `Appointments` (`appointment_id`)
) ENGINE=InnoDB AUTO_INCREMENT=255 DEFAULT CHARSET=utf8mb4 COLLATE=utf8mb4_0900_ai_ci;
/*!40101 SET character_set_client = @saved_cs_client */;

--
-- Dumping data for table `ConsultationSessions`
--

LOCK TABLES `ConsultationSessions` WRITE;
/*!40000 ALTER TABLE `ConsultationSessions` DISABLE KEYS */;
INSERT INTO `ConsultationSessions` VALUES (1,1,1,1,'2025-03-20 12:00:00','1111','completed','2025-03-20 13:00:00',NULL,NULL),(2,5,1,1,'2025-03-26 08:00:00','1111','completed','2025-03-26 09:00:00',NULL,NULL),(3,6,2,1,'2025-03-26 09:00:00','1111','completed','2025-03-26 10:00:00',NULL,NULL),(4,7,3,1,'2025-03-26 08:00:00','1111','completed','2025-03-26 09:00:00',NULL,NULL),(5,8,3,2,'2025-04-03 08:00:00',NULL,'completed','2025-04-03 09:00:00',NULL,NULL),(6,51,5,15,'2025-04-03 08:00:00',NULL,'completed','2025-04-03 09:00:00',NULL,NULL),(7,52,5,16,'2025-04-03 08:00:00',NULL,'completed','2025-04-03 09:00:00',NULL,NULL),(8,53,5,13,'2025-04-03 08:00:00',NULL,'completed','2025-04-03 09:00:00',NULL,NULL),(9,54,12,14,'2025-04-03 08:00:00',NULL,'completed','2025-04-03 09:00:00',NULL,NULL),(10,55,6,5,'2025-04-03 08:00:00',NULL,'completed','2025-04-03 09:00:00',NULL,NULL),(11,61,8,18,'2025-04-03 09:00:00',NULL,'completed','2025-04-03 10:00:00',NULL,NULL),(12,62,3,14,'2025-04-03 09:00:00',NULL,'completed','2025-04-03 10:00:00',NULL,NULL),(13,66,9,11,'2025-04-03 10:00:00',NULL,'completed','2025-04-03 11:00:00',NULL,NULL),(14,67,7,2,'2025-04-03 10:00:00',NULL,'completed','2025-04-03 11:00:00',NULL,NULL),(15,68,12,22,'2025-04-03 10:00:00',NULL,'completed','2025-04-03 11:00:00',NULL,NULL),(16,69,4,13,'2025-04-03 10:00:00',NULL,'completed','2025-04-03 11:00:00',NULL,NULL),(17,70,14,2,'2025-04-03 10:00:00',NULL,'completed','2025-04-03 11:00:00',NULL,NULL),(19,74,12,7,'2025-04-03 11:00:00',NULL,'completed','2025-04-03 12:00:00',NULL,NULL),(20,75,14,2,'2025-04-03 11:00:00',NULL,'completed','2025-04-03 12:00:00',NULL,NULL),(21,76,5,8,'2025-04-03 11:00:00',NULL,'completed','2025-04-03 12:00:00',NULL,NULL),(22,77,10,13,'2025-04-03 11:00:00',NULL,'completed','2025-04-03 12:00:00',NULL,NULL),(23,78,2,1,'2025-04-03 13:00:00',NULL,'completed','2025-04-03 14:00:00',NULL,NULL),(24,79,10,12,'2025-04-03 13:00:00',NULL,'completed','2025-04-03 14:00:00',NULL,NULL),(25,80,5,7,'2025-04-03 13:00:00',NULL,'completed','2025-04-03 14:00:00',NULL,NULL),(27,83,13,14,'2025-04-03 14:00:00',NULL,'completed','2025-04-03 15:00:00',NULL,NULL),(28,84,5,17,'2025-04-03 14:00:00',NULL,'completed','2025-04-03 15:00:00',NULL,NULL),(29,89,6,3,'2025-04-03 15:00:00',NULL,'completed','2025-04-03 16:00:00',NULL,NULL),(30,90,6,15,'2025-04-03 15:00:00',NULL,'completed','2025-04-03 16:00:00',NULL,NULL),(31,91,1,6,'2025-04-03 15:00:00',NULL,'completed','2025-04-03 16:00:00',NULL,NULL),(32,92,1,10,'2025-04-03 15:00:00',NULL,'completed','2025-04-03 16:00:00',NULL,NULL),(33,93,14,13,'2025-04-03 15:00:00',NULL,'completed','2025-04-03 16:00:00',NULL,NULL),(35,99,3,4,'2025-04-03 16:00:00',NULL,'completed','2025-04-03 17:00:00',NULL,NULL),(36,100,2,5,'2025-04-03 16:00:00',NULL,'completed','2025-04-03 17:00:00',NULL,NULL),(37,101,11,17,'2025-04-04 08:00:00',NULL,'completed','2025-04-04 09:00:00',NULL,NULL),(38,102,6,21,'2025-04-04 08:00:00',NULL,'completed','2025-04-04 09:00:00',NULL,NULL),(39,103,3,4,'2025-04-04 08:00:00',NULL,'completed','2025-04-04 09:00:00',NULL,NULL),(40,104,4,20,'2025-04-04 08:00:00',NULL,'completed','2025-04-04 09:00:00',NULL,NULL),(42,107,13,4,'2025-04-04 09:00:00',NULL,'completed','2025-04-04 10:00:00',NULL,NULL),(43,108,1,18,'2025-04-04 09:00:00',NULL,'completed','2025-04-04 10:00:00',NULL,NULL),(44,109,11,11,'2025-04-04 09:00:00',NULL,'completed','2025-04-04 10:00:00',NULL,NULL),(45,111,13,6,'2025-04-04 10:00:00',NULL,'completed','2025-04-04 11:00:00',NULL,NULL),(47,115,8,18,'2025-04-04 11:00:00',NULL,'completed','2025-04-04 12:00:00',NULL,NULL),(48,116,4,23,'2025-04-04 11:00:00',NULL,'completed','2025-04-04 12:00:00',NULL,NULL),(49,117,7,23,'2025-04-04 13:00:00',NULL,'completed','2025-04-04 14:00:00',NULL,NULL),(51,122,5,5,'2025-04-04 14:00:00',NULL,'completed','2025-04-04 15:00:00',NULL,NULL),(52,123,3,4,'2025-04-04 14:00:00',NULL,'completed','2025-04-04 15:00:00',NULL,NULL),(53,124,3,14,'2025-04-04 14:00:00',NULL,'completed','2025-04-04 15:00:00',NULL,NULL),(54,127,14,20,'2025-04-04 15:00:00',NULL,'completed','2025-04-04 16:00:00',NULL,NULL),(55,128,3,11,'2025-04-04 15:00:00',NULL,'completed','2025-04-04 16:00:00',NULL,NULL),(56,129,10,21,'2025-04-04 15:00:00',NULL,'completed','2025-04-04 16:00:00',NULL,NULL),(57,130,9,5,'2025-04-04 15:00:00',NULL,'completed','2025-04-04 16:00:00',NULL,NULL),(59,132,13,19,'2025-04-04 16:00:00',NULL,'completed','2025-04-04 17:00:00',NULL,NULL),(60,133,6,11,'2025-04-04 16:00:00',NULL,'completed','2025-04-04 17:00:00',NULL,NULL),(61,134,4,16,'2025-04-04 16:00:00',NULL,'completed','2025-04-04 17:00:00',NULL,NULL),(62,135,13,3,'2025-04-05 08:00:00',NULL,'completed','2025-04-05 09:00:00',NULL,NULL),(63,136,12,20,'2025-04-05 08:00:00',NULL,'completed','2025-04-05 09:00:00',NULL,NULL),(64,137,11,3,'2025-04-05 08:00:00',NULL,'completed','2025-04-05 09:00:00',NULL,NULL),(65,138,6,15,'2025-04-05 08:00:00',NULL,'completed','2025-04-05 09:00:00',NULL,NULL),(67,144,12,7,'2025-04-05 09:00:00',NULL,'completed','2025-04-05 10:00:00',NULL,NULL),(68,145,14,21,'2025-04-05 09:00:00',NULL,'completed','2025-04-05 10:00:00',NULL,NULL),(69,146,8,4,'2025-04-05 09:00:00',NULL,'completed','2025-04-05 10:00:00',NULL,NULL),(70,147,1,16,'2025-04-05 09:00:00',NULL,'completed','2025-04-05 10:00:00',NULL,NULL),(71,148,5,13,'2025-04-05 09:00:00',NULL,'completed','2025-04-05 10:00:00',NULL,NULL),(72,154,3,14,'2025-04-05 10:00:00',NULL,'completed','2025-04-05 11:00:00',NULL,NULL),(73,155,8,18,'2025-04-05 10:00:00',NULL,'completed','2025-04-05 11:00:00',NULL,NULL),(75,158,1,15,'2025-04-05 11:00:00',NULL,'completed','2025-04-05 12:00:00',NULL,NULL),(76,159,1,8,'2025-04-05 11:00:00',NULL,'completed','2025-04-05 12:00:00',NULL,NULL),(77,160,7,8,'2025-04-05 11:00:00',NULL,'completed','2025-04-05 12:00:00',NULL,NULL),(78,161,14,9,'2025-04-05 13:00:00',NULL,'completed','2025-04-05 14:00:00',NULL,NULL),(80,167,7,13,'2025-04-05 14:00:00',NULL,'completed','2025-04-05 15:00:00',NULL,NULL),(81,168,4,19,'2025-04-05 14:00:00',NULL,'completed','2025-04-05 15:00:00',NULL,NULL),(82,170,3,1,'2025-04-05 15:00:00',NULL,'completed','2025-04-05 16:00:00',NULL,NULL),(83,171,7,9,'2025-04-05 15:00:00',NULL,'completed','2025-04-05 16:00:00',NULL,NULL),(84,174,11,8,'2025-04-05 16:00:00',NULL,'completed','2025-04-05 17:00:00',NULL,NULL),(87,175,4,20,'2025-04-06 08:00:00',NULL,'completed','2025-04-06 09:00:00',NULL,NULL),(88,176,8,4,'2025-04-06 08:00:00',NULL,'completed','2025-04-06 09:00:00',NULL,NULL),(89,177,3,7,'2025-04-06 08:00:00',NULL,'completed','2025-04-06 09:00:00',NULL,NULL),(92,179,8,20,'2025-04-06 09:00:00',NULL,'completed','2025-04-06 10:00:00',NULL,NULL),(93,180,10,17,'2025-04-06 09:00:00',NULL,'completed','2025-04-06 10:00:00',NULL,NULL),(94,181,10,2,'2025-04-06 09:00:00',NULL,'completed','2025-04-06 10:00:00',NULL,NULL),(95,185,2,21,'2025-04-06 10:00:00',NULL,'completed','2025-04-06 11:00:00',NULL,NULL),(96,187,3,14,'2025-04-06 11:00:00',NULL,'completed','2025-04-06 12:00:00',NULL,NULL),(97,188,7,16,'2025-04-06 11:00:00',NULL,'completed','2025-04-06 12:00:00',NULL,NULL),(100,189,7,13,'2025-04-06 13:00:00',NULL,'completed','2025-04-06 14:00:00',NULL,NULL),(101,190,7,16,'2025-04-06 13:00:00',NULL,'completed','2025-04-06 14:00:00',NULL,NULL),(102,191,1,23,'2025-04-06 13:00:00',NULL,'completed','2025-04-06 14:00:00',NULL,NULL),(103,192,12,4,'2025-04-06 13:00:00',NULL,'completed','2025-04-06 14:00:00',NULL,NULL),(104,193,6,11,'2025-04-06 13:00:00',NULL,'completed','2025-04-06 14:00:00',NULL,NULL),(105,195,6,12,'2025-04-06 14:00:00',NULL,'completed','2025-04-06 15:00:00',NULL,NULL),(106,196,4,20,'2025-04-06 14:00:00',NULL,'completed','2025-04-06 15:00:00',NULL,NULL),(107,197,7,21,'2025-04-06 14:00:00',NULL,'completed','2025-04-06 15:00:00',NULL,NULL),(108,198,1,10,'2025-04-06 14:00:00',NULL,'completed','2025-04-06 15:00:00',NULL,NULL),(109,199,1,20,'2025-04-06 14:00:00',NULL,'completed','2025-04-06 15:00:00',NULL,NULL),(112,202,5,18,'2025-04-06 15:00:00',NULL,'completed','2025-04-06 16:00:00',NULL,NULL),(113,203,11,12,'2025-04-06 15:00:00',NULL,'completed','2025-04-06 16:00:00',NULL,NULL),(114,206,13,2,'2025-04-06 16:00:00',NULL,'completed','2025-04-06 17:00:00',NULL,NULL),(115,207,10,9,'2025-04-06 16:00:00',NULL,'completed','2025-04-06 17:00:00',NULL,NULL),(116,208,9,2,'2025-04-06 16:00:00',NULL,'completed','2025-04-06 17:00:00',NULL,NULL),(117,209,8,7,'2025-04-06 16:00:00',NULL,'completed','2025-04-06 17:00:00',NULL,NULL),(119,210,1,4,'2025-04-07 08:00:00',NULL,'completed','2025-04-07 09:00:00',NULL,NULL),(120,211,11,10,'2025-04-07 08:00:00',NULL,'completed','2025-04-07 09:00:00',NULL,NULL),(121,212,9,1,'2025-04-07 08:00:00',NULL,'completed','2025-04-07 09:00:00',NULL,NULL),(122,213,2,14,'2025-04-07 08:00:00',NULL,'completed','2025-04-07 09:00:00',NULL,NULL),(123,214,8,23,'2025-04-07 08:00:00',NULL,'completed','2025-04-07 09:00:00',NULL,NULL),(126,217,2,5,'2025-04-07 09:00:00',NULL,'completed','2025-04-07 10:00:00',NULL,NULL),(127,218,9,9,'2025-04-07 09:00:00',NULL,'completed','2025-04-07 10:00:00',NULL,NULL),(128,219,1,2,'2025-04-07 09:00:00',NULL,'completed','2025-04-07 10:00:00',NULL,NULL),(129,220,3,20,'2025-04-07 09:00:00',NULL,'completed','2025-04-07 10:00:00',NULL,NULL),(130,221,11,23,'2025-04-07 09:00:00',NULL,'completed','2025-04-07 10:00:00',NULL,NULL),(131,226,13,1,'2025-04-07 10:00:00',NULL,'completed','2025-04-07 11:00:00',NULL,NULL),(132,229,3,4,'2025-04-07 11:00:00',NULL,'completed','2025-04-07 12:00:00',NULL,NULL),(133,230,2,2,'2025-04-07 11:00:00',NULL,'completed','2025-04-07 12:00:00',NULL,NULL),(134,231,14,16,'2025-04-07 11:00:00',NULL,'completed','2025-04-07 12:00:00',NULL,NULL),(135,232,6,3,'2025-04-07 11:00:00',NULL,'completed','2025-04-07 12:00:00',NULL,NULL),(136,233,4,2,'2025-04-07 11:00:00',NULL,'completed','2025-04-07 12:00:00',NULL,NULL),(139,234,4,16,'2025-04-07 13:00:00',NULL,'completed','2025-04-07 14:00:00',NULL,NULL),(140,235,10,7,'2025-04-07 13:00:00',NULL,'completed','2025-04-07 14:00:00',NULL,NULL),(141,236,7,15,'2025-04-07 13:00:00',NULL,'completed','2025-04-07 14:00:00',NULL,NULL),(142,240,13,18,'2025-04-07 14:00:00',NULL,'completed','2025-04-07 15:00:00',NULL,NULL),(143,241,2,7,'2025-04-07 14:00:00',NULL,'completed','2025-04-07 15:00:00',NULL,NULL),(144,242,14,3,'2025-04-07 14:00:00',NULL,'completed','2025-04-07 15:00:00',NULL,NULL),(145,243,8,11,'2025-04-07 14:00:00',NULL,'completed','2025-04-07 15:00:00',NULL,NULL),(146,1823,15,14,'2025-04-07 13:00:00',NULL,'completed','2025-04-07 14:00:00',NULL,NULL),(149,248,2,2,'2025-04-07 15:00:00',NULL,'completed','2025-04-07 16:00:00',NULL,NULL),(150,249,14,14,'2025-04-07 15:00:00',NULL,'completed','2025-04-07 16:00:00',NULL,NULL),(151,250,1,8,'2025-04-07 15:00:00',NULL,'completed','2025-04-07 16:00:00',NULL,NULL),(152,254,9,14,'2025-04-07 16:00:00',NULL,'completed','2025-04-07 17:00:00',NULL,NULL),(154,255,4,16,'2025-04-08 08:00:00',NULL,'completed','2025-04-08 09:00:00',NULL,NULL),(155,256,9,23,'2025-04-08 08:00:00',NULL,'completed','2025-04-08 09:00:00',NULL,NULL),(158,258,4,23,'2025-04-08 09:00:00',NULL,'completed','2025-04-08 10:00:00',NULL,NULL),(159,259,1,5,'2025-04-08 09:00:00',NULL,'completed','2025-04-08 10:00:00',NULL,NULL),(160,260,14,3,'2025-04-08 09:00:00',NULL,'completed','2025-04-08 10:00:00',NULL,NULL),(161,265,7,21,'2025-04-08 10:00:00',NULL,'completed','2025-04-08 11:00:00',NULL,NULL),(162,266,1,13,'2025-04-08 10:00:00',NULL,'completed','2025-04-08 11:00:00',NULL,NULL),(163,267,9,13,'2025-04-08 10:00:00',NULL,'completed','2025-04-08 11:00:00',NULL,NULL),(164,268,11,3,'2025-04-08 10:00:00',NULL,'completed','2025-04-08 11:00:00',NULL,NULL),(165,272,13,15,'2025-04-08 11:00:00',NULL,'completed','2025-04-08 12:00:00',NULL,NULL),(166,273,6,3,'2025-04-08 11:00:00',NULL,'completed','2025-04-08 12:00:00',NULL,NULL),(167,274,6,13,'2025-04-08 11:00:00',NULL,'completed','2025-04-08 12:00:00',NULL,NULL),(168,275,9,9,'2025-04-08 11:00:00',NULL,'completed','2025-04-08 12:00:00',NULL,NULL),(169,276,1,22,'2025-04-08 11:00:00',NULL,'completed','2025-04-08 12:00:00',NULL,NULL),(172,277,6,1,'2025-04-08 13:00:00',NULL,'completed','2025-04-08 14:00:00',NULL,NULL),(173,278,14,19,'2025-04-08 13:00:00',NULL,'completed','2025-04-08 14:00:00',NULL,NULL),(174,279,1,18,'2025-04-08 13:00:00',NULL,'completed','2025-04-08 14:00:00',NULL,NULL),(175,280,11,8,'2025-04-08 13:00:00',NULL,'completed','2025-04-08 14:00:00',NULL,NULL),(176,284,11,21,'2025-04-08 14:00:00',NULL,'completed','2025-04-08 15:00:00',NULL,NULL),(177,285,5,18,'2025-04-08 14:00:00',NULL,'completed','2025-04-08 15:00:00',NULL,NULL),(178,286,14,13,'2025-04-08 14:00:00',NULL,'completed','2025-04-08 15:00:00',NULL,NULL),(179,287,11,6,'2025-04-08 14:00:00',NULL,'completed','2025-04-08 15:00:00',NULL,NULL),(180,288,14,3,'2025-04-08 14:00:00',NULL,'completed','2025-04-08 15:00:00',NULL,NULL),(183,292,13,22,'2025-04-08 15:00:00',NULL,'completed','2025-04-08 16:00:00',NULL,NULL),(184,293,14,3,'2025-04-08 15:00:00',NULL,'completed','2025-04-08 16:00:00',NULL,NULL),(185,294,10,20,'2025-04-08 15:00:00',NULL,'completed','2025-04-08 16:00:00',NULL,NULL),(186,297,9,7,'2025-04-08 16:00:00',NULL,'completed','2025-04-08 17:00:00',NULL,NULL),(187,298,8,20,'2025-04-08 16:00:00',NULL,'completed','2025-04-08 17:00:00',NULL,NULL),(188,299,9,14,'2025-04-08 16:00:00',NULL,'completed','2025-04-08 17:00:00',NULL,NULL),(189,300,1,9,'2025-04-08 16:00:00',NULL,'completed','2025-04-08 17:00:00',NULL,NULL),(191,301,2,22,'2025-04-09 08:00:00',NULL,'completed','2025-04-09 09:00:00',NULL,NULL),(192,302,5,22,'2025-04-09 08:00:00',NULL,'completed','2025-04-09 09:00:00',NULL,NULL),(193,304,9,4,'2025-04-09 08:00:00',NULL,'completed','2025-04-09 09:00:00',NULL,NULL),(194,305,13,23,'2025-04-09 08:00:00',NULL,'completed','2025-04-09 09:00:00',NULL,NULL),(195,1834,54,1,'2025-04-09 08:00:00',NULL,'completed','2025-04-09 09:00:00',NULL,NULL),(198,309,10,22,'2025-04-09 09:00:00',NULL,'completed','2025-04-09 10:00:00',NULL,NULL),(199,310,7,12,'2025-04-09 09:00:00',NULL,'completed','2025-04-09 10:00:00',NULL,NULL),(200,311,3,8,'2025-04-09 09:00:00',NULL,'completed','2025-04-09 10:00:00',NULL,NULL),(201,313,14,1,'2025-04-09 10:00:00',NULL,'completed','2025-04-09 11:00:00',NULL,NULL),(202,314,4,5,'2025-04-09 10:00:00',NULL,'completed','2025-04-09 11:00:00',NULL,NULL),(203,315,2,2,'2025-04-09 10:00:00',NULL,'completed','2025-04-09 11:00:00',NULL,NULL),(204,316,1,22,'2025-04-09 10:00:00',NULL,'completed','2025-04-09 11:00:00',NULL,NULL),(205,317,10,10,'2025-04-09 10:00:00',NULL,'completed','2025-04-09 11:00:00',NULL,NULL),(206,1824,5,8,'2025-04-09 10:00:00',NULL,'completed','2025-04-09 11:00:00',NULL,NULL),(207,1825,6,8,'2025-04-09 10:00:00',NULL,'completed','2025-04-09 11:00:00',NULL,NULL),(208,1826,7,8,'2025-04-09 10:00:00',NULL,'completed','2025-04-09 11:00:00',NULL,NULL),(209,1827,8,8,'2025-04-09 10:00:00',NULL,'completed','2025-04-09 11:00:00',NULL,NULL),(210,1828,9,8,'2025-04-09 10:00:00',NULL,'completed','2025-04-09 11:00:00',NULL,NULL),(211,1831,13,8,'2025-04-09 09:00:00',NULL,'completed','2025-04-09 10:00:00',NULL,NULL),(214,319,10,7,'2025-04-09 11:00:00',NULL,'completed','2025-04-09 12:00:00',NULL,NULL),(215,321,5,17,'2025-04-09 11:00:00',NULL,'completed','2025-04-09 12:00:00',NULL,NULL),(216,322,9,21,'2025-04-09 11:00:00',NULL,'completed','2025-04-09 12:00:00',NULL,NULL),(217,323,12,20,'2025-04-09 13:00:00',NULL,'completed','2025-04-09 14:00:00',NULL,NULL),(218,325,9,4,'2025-04-09 13:00:00',NULL,'completed','2025-04-09 14:00:00',NULL,NULL),(219,326,1,13,'2025-04-09 13:00:00',NULL,'completed','2025-04-09 14:00:00',NULL,NULL),(220,1829,11,8,'2025-04-09 11:00:00',NULL,'completed','2025-04-09 12:00:00',NULL,NULL),(221,1830,13,8,'2025-04-09 11:00:00',NULL,'completed','2025-04-09 12:00:00',NULL,NULL),(224,331,11,6,'2025-04-09 14:00:00',NULL,'completed','2025-04-09 15:00:00',NULL,NULL),(225,332,13,15,'2025-04-09 14:00:00',NULL,'completed','2025-04-09 15:00:00',NULL,NULL),(226,333,8,17,'2025-04-09 14:00:00',NULL,'completed','2025-04-09 15:00:00',NULL,NULL),(227,334,1,2,'2025-04-09 14:00:00',NULL,'completed','2025-04-09 15:00:00',NULL,NULL),(228,335,2,9,'2025-04-09 14:00:00',NULL,'completed','2025-04-09 15:00:00',NULL,NULL),(229,339,5,20,'2025-04-09 15:00:00',NULL,'completed','2025-04-09 16:00:00',NULL,NULL),(230,340,2,2,'2025-04-09 15:00:00',NULL,'completed','2025-04-09 16:00:00',NULL,NULL),(231,341,1,2,'2025-04-09 15:00:00',NULL,'completed','2025-04-09 16:00:00',NULL,NULL),(232,343,13,22,'2025-04-09 15:00:00',NULL,'completed','2025-04-09 16:00:00',NULL,NULL),(233,345,2,17,'2025-04-09 16:00:00',NULL,'completed','2025-04-09 17:00:00',NULL,NULL),(234,346,4,2,'2025-04-09 16:00:00',NULL,'completed','2025-04-09 17:00:00',NULL,NULL),(237,347,2,13,'2025-04-10 08:00:00',NULL,'completed','2025-04-10 09:00:00',NULL,NULL),(238,348,7,12,'2025-04-10 08:00:00',NULL,'completed','2025-04-10 09:00:00',NULL,NULL),(239,349,4,17,'2025-04-10 08:00:00',NULL,'completed','2025-04-10 09:00:00',NULL,NULL),(240,350,12,21,'2025-04-10 08:00:00',NULL,'completed','2025-04-10 09:00:00',NULL,NULL),(243,352,4,16,'2025-04-10 09:00:00',NULL,'completed','2025-04-10 10:00:00',NULL,NULL),(244,357,3,13,'2025-04-10 10:00:00',NULL,'active','2025-04-10 11:00:00',NULL,NULL),(245,358,1,14,'2025-04-10 10:00:00',NULL,'active','2025-04-10 11:00:00',NULL,NULL),(246,359,12,12,'2025-04-10 10:00:00',NULL,'active','2025-04-10 11:00:00',NULL,NULL),(247,360,13,2,'2025-04-10 10:00:00',NULL,'active','2025-04-10 11:00:00',NULL,NULL),(248,361,8,15,'2025-04-10 10:00:00',NULL,'active','2025-04-10 11:00:00',NULL,NULL),(249,365,9,5,'2025-04-10 11:00:00',NULL,'ready','2025-04-10 12:00:00',NULL,NULL),(250,366,2,4,'2025-04-10 11:00:00',NULL,'ready','2025-04-10 12:00:00',NULL,NULL),(251,367,4,19,'2025-04-10 11:00:00',NULL,'ready','2025-04-10 12:00:00',NULL,NULL),(252,368,5,7,'2025-04-10 11:00:00',NULL,'ready','2025-04-10 12:00:00',NULL,NULL),(253,1838,51,19,'2025-04-10 09:00:00',NULL,'completed','2025-04-10 10:00:00',NULL,NULL),(254,1839,51,19,'2025-04-10 10:00:00',NULL,'active','2025-04-10 11:00:00',NULL,NULL);
/*!40000 ALTER TABLE `ConsultationSessions` ENABLE KEYS */;
UNLOCK TABLES;

--
-- Temporary view structure for view `CurrentAvailability`
--

DROP TABLE IF EXISTS `CurrentAvailability`;
/*!50001 DROP VIEW IF EXISTS `CurrentAvailability`*/;
SET @saved_cs_client     = @@character_set_client;
/*!50503 SET character_set_client = utf8mb4 */;
/*!50001 CREATE VIEW `CurrentAvailability` AS SELECT 
 1 AS `consultant_id`,
 1 AS `active_sessions`,
 1 AS `ready_sessions`,
 1 AS `is_available`*/;
SET character_set_client = @saved_cs_client;

--
-- Table structure for table `PsychologicalEvaluations`
--

DROP TABLE IF EXISTS `PsychologicalEvaluations`;
/*!40101 SET @saved_cs_client     = @@character_set_client */;
/*!50503 SET character_set_client = utf8mb4 */;
CREATE TABLE `PsychologicalEvaluations` (
  `evaluation_id` int NOT NULL AUTO_INCREMENT,
  `user_id` int NOT NULL,
  `evaluation_date` datetime NOT NULL,
  `questionnaire_results` json NOT NULL,
  `auto_report` text,
  `risk_level` enum('low','medium','high') NOT NULL,
  `suggestions` text,
  PRIMARY KEY (`evaluation_id`),
  KEY `user_id` (`user_id`),
  CONSTRAINT `PsychologicalEvaluations_ibfk_1` FOREIGN KEY (`user_id`) REFERENCES `Users` (`user_id`)
) ENGINE=InnoDB DEFAULT CHARSET=utf8mb4 COLLATE=utf8mb4_0900_ai_ci;
/*!40101 SET character_set_client = @saved_cs_client */;

--
-- Dumping data for table `PsychologicalEvaluations`
--

LOCK TABLES `PsychologicalEvaluations` WRITE;
/*!40000 ALTER TABLE `PsychologicalEvaluations` DISABLE KEYS */;
/*!40000 ALTER TABLE `PsychologicalEvaluations` ENABLE KEYS */;
UNLOCK TABLES;

--
-- Table structure for table `SupervisorConsultations`
--

DROP TABLE IF EXISTS `SupervisorConsultations`;
/*!40101 SET @saved_cs_client     = @@character_set_client */;
/*!50503 SET character_set_client = utf8mb4 */;
CREATE TABLE `SupervisorConsultations` (
  `record_id` int NOT NULL AUTO_INCREMENT,
  `consultant_id` int NOT NULL,
  `supervisor_id` int NOT NULL,
  `session_id` int NOT NULL,
  `request_time` datetime NOT NULL,
  `response_time` datetime DEFAULT NULL,
  `chat_log` text NOT NULL,
  PRIMARY KEY (`record_id`),
  KEY `consultant_id` (`consultant_id`),
  KEY `supervisor_id` (`supervisor_id`),
  KEY `session_id` (`session_id`),
  CONSTRAINT `SupervisorConsultations_ibfk_1` FOREIGN KEY (`consultant_id`) REFERENCES `Consultants` (`consultant_id`),
  CONSTRAINT `SupervisorConsultations_ibfk_2` FOREIGN KEY (`supervisor_id`) REFERENCES `Supervisors` (`supervisor_id`),
  CONSTRAINT `SupervisorConsultations_ibfk_3` FOREIGN KEY (`session_id`) REFERENCES `ConsultationSessions` (`session_id`)
) ENGINE=InnoDB DEFAULT CHARSET=utf8mb4 COLLATE=utf8mb4_0900_ai_ci;
/*!40101 SET character_set_client = @saved_cs_client */;

--
-- Dumping data for table `SupervisorConsultations`
--

LOCK TABLES `SupervisorConsultations` WRITE;
/*!40000 ALTER TABLE `SupervisorConsultations` DISABLE KEYS */;
/*!40000 ALTER TABLE `SupervisorConsultations` ENABLE KEYS */;
UNLOCK TABLES;

--
-- Table structure for table `SupervisorSchedules`
--

DROP TABLE IF EXISTS `SupervisorSchedules`;
/*!40101 SET @saved_cs_client     = @@character_set_client */;
/*!50503 SET character_set_client = utf8mb4 */;
CREATE TABLE `SupervisorSchedules` (
  `schedule_id` int NOT NULL AUTO_INCREMENT,
  `supervisor_id` int NOT NULL,
  `available_date` date NOT NULL,
  `start_time` int NOT NULL,
  `end_time` int NOT NULL,
  `slot_capacity` int DEFAULT '5',
  PRIMARY KEY (`schedule_id`),
  KEY `supervisor_id` (`supervisor_id`),
  CONSTRAINT `SupervisorSchedules_ibfk_1` FOREIGN KEY (`supervisor_id`) REFERENCES `Supervisors` (`supervisor_id`),
  CONSTRAINT `SupervisorSchedules_chk_1` CHECK (((`start_time` >= 0) and (`start_time` <= 24))),
  CONSTRAINT `SupervisorSchedules_chk_2` CHECK (((`end_time` >= 0) and (`end_time` <= 24)))
) ENGINE=InnoDB AUTO_INCREMENT=512 DEFAULT CHARSET=utf8mb4 COLLATE=utf8mb4_0900_ai_ci;
/*!40101 SET character_set_client = @saved_cs_client */;

--
-- Dumping data for table `SupervisorSchedules`
--

LOCK TABLES `SupervisorSchedules` WRITE;
/*!40000 ALTER TABLE `SupervisorSchedules` DISABLE KEYS */;
INSERT INTO `SupervisorSchedules` VALUES (1,24,'2025-03-26',8,12,5),(2,24,'2025-03-27',8,12,5),(3,24,'2025-03-27',13,17,5),(4,24,'2025-04-03',8,12,5),(5,24,'2025-04-02',13,17,5),(6,24,'2025-04-06',8,12,5),(7,24,'2025-04-06',13,17,5),(8,24,'2025-04-07',8,12,5),(9,24,'2025-04-07',13,17,5),(10,24,'2025-04-09',8,12,5),(11,24,'2025-04-10',8,12,5),(12,24,'2025-04-10',13,17,5),(13,24,'2025-04-11',8,12,5),(14,24,'2025-04-12',8,12,5),(15,24,'2025-04-13',8,12,5),(16,24,'2025-04-13',13,17,5),(17,24,'2025-04-17',8,12,5),(18,24,'2025-04-17',13,17,5),(19,24,'2025-04-20',8,12,5),(20,24,'2025-04-20',13,17,5),(21,24,'2025-04-24',8,12,5),(22,24,'2025-04-24',13,17,5),(23,24,'2025-04-27',8,12,5),(24,24,'2025-04-27',13,17,5),(25,24,'2025-05-01',8,12,5),(26,24,'2025-05-01',13,17,5),(27,24,'2025-05-04',8,12,5),(28,24,'2025-05-04',13,17,5),(29,24,'2025-05-08',8,12,5),(30,24,'2025-05-08',13,17,5),(31,24,'2025-05-11',8,12,5),(32,24,'2025-05-11',13,17,5),(33,24,'2025-05-15',8,12,5),(34,24,'2025-05-15',13,17,5),(35,24,'2025-05-18',8,12,5),(36,24,'2025-05-18',13,17,5),(37,24,'2025-03-21',12,20,5),(38,24,'2025-04-03',13,17,5),(39,24,'2025-04-05',8,12,5),(40,24,'2025-04-08',8,12,5),(41,24,'2025-04-08',13,17,5),(42,24,'2025-04-12',13,17,5),(43,24,'2025-04-24',8,17,5),(44,24,'2025-03-26',13,17,5),(45,24,'2025-04-04',8,12,5),(46,24,'2025-04-04',13,17,5),(47,24,'2025-04-09',13,17,5),(48,25,'2025-03-21',13,18,5),(49,25,'2025-03-26',8,12,5),(50,25,'2025-03-27',13,17,5),(51,25,'2025-04-02',8,12,5),(52,25,'2025-04-02',13,17,5),(53,25,'2025-04-03',8,12,5),(54,25,'2025-04-03',13,17,5),(55,25,'2025-04-04',13,17,5),(56,25,'2025-04-07',8,12,5),(57,25,'2025-04-08',8,12,5),(58,25,'2025-04-09',8,12,5),(59,25,'2025-04-10',8,12,5),(60,25,'2025-04-10',13,17,5),(61,25,'2025-04-11',8,12,5),(62,25,'2025-04-11',13,17,5),(63,25,'2025-04-14',8,12,5),(64,25,'2025-04-14',13,17,5),(65,25,'2025-04-15',8,12,5),(66,25,'2025-04-15',13,17,5),(67,25,'2025-04-21',8,12,5),(68,25,'2025-04-21',13,17,5),(69,25,'2025-04-22',8,12,5),(70,25,'2025-04-22',13,17,5),(71,25,'2025-04-28',8,12,5),(72,25,'2025-04-28',13,17,5),(73,25,'2025-04-29',8,12,5),(74,25,'2025-04-29',13,17,5),(75,25,'2025-05-05',8,12,5),(76,25,'2025-05-05',13,17,5),(77,25,'2025-05-06',8,12,5),(78,25,'2025-05-06',13,17,5),(79,25,'2025-05-12',8,12,5),(80,25,'2025-05-12',13,17,5),(81,25,'2025-05-13',8,12,5),(82,25,'2025-05-13',13,17,5),(83,25,'2025-05-19',8,12,5),(84,25,'2025-05-19',13,17,5),(85,25,'2025-03-26',13,17,5),(86,25,'2025-03-27',8,12,5),(87,25,'2025-04-04',8,12,5),(88,25,'2025-04-08',13,17,5),(89,25,'2025-04-09',13,17,5),(90,25,'2025-04-12',8,12,5),(91,25,'2025-04-12',13,17,5),(92,25,'2025-04-13',13,17,5),(93,25,'2025-04-23',13,17,5),(94,25,'2025-04-05',8,12,5),(95,25,'2025-04-06',8,12,5),(96,25,'2025-04-06',13,17,5),(97,25,'2025-04-07',13,17,5),(98,25,'2025-04-13',8,12,5),(99,25,'2025-05-06',8,17,5),(100,25,'2025-05-13',8,17,5),(101,25,'2025-04-16',13,17,5),(102,25,'2025-04-01',13,17,5),(103,25,'2025-04-14',13,12,5),(104,26,'2025-04-02',8,12,5),(105,26,'2025-04-02',13,17,5),(106,26,'2025-04-03',8,12,5),(107,26,'2025-04-05',8,12,5),(108,26,'2025-04-05',13,17,5),(109,26,'2025-04-07',13,17,5),(110,26,'2025-04-08',13,17,5),(111,26,'2025-04-09',8,12,5),(112,26,'2025-04-11',13,17,5),(113,26,'2025-04-17',8,12,5),(114,26,'2025-04-17',13,17,5),(115,26,'2025-04-18',8,12,5),(116,26,'2025-04-18',13,17,5),(117,26,'2025-04-24',8,12,5),(118,26,'2025-04-24',13,17,5),(119,26,'2025-04-25',8,12,5),(120,26,'2025-04-25',13,17,5),(121,26,'2025-05-01',8,12,5),(122,26,'2025-05-01',13,17,5),(123,26,'2025-05-02',8,12,5),(124,26,'2025-05-02',13,17,5),(125,26,'2025-05-08',8,12,5),(126,26,'2025-05-08',13,17,5),(127,26,'2025-05-09',8,12,5),(128,26,'2025-05-09',13,17,5),(129,26,'2025-05-15',8,12,5),(130,26,'2025-05-15',13,17,5),(131,26,'2025-05-16',8,12,5),(132,26,'2025-05-16',13,17,5),(133,26,'2025-04-06',13,17,5),(134,26,'2025-04-07',8,12,5),(135,26,'2025-04-08',8,12,5),(136,26,'2025-04-09',13,17,5),(137,26,'2025-04-12',8,12,5),(138,26,'2025-04-13',13,17,5),(139,26,'2025-04-10',8,12,5),(140,26,'2025-04-03',13,17,5),(141,26,'2025-04-10',13,17,5),(142,26,'2025-04-13',8,12,5),(143,26,'2025-05-01',8,17,5),(144,26,'2025-05-15',13,12,5),(145,26,'2025-04-04',8,12,5),(146,26,'2025-04-04',13,17,5),(147,26,'2025-04-12',13,17,5),(148,1743646292,'2025-04-03',13,17,5),(149,1743646292,'2025-04-06',13,17,5),(150,1743646292,'2025-04-09',8,12,5),(151,1743646292,'2025-04-10',8,12,5),(152,1743646292,'2025-04-12',8,12,5),(153,1743646292,'2025-04-12',13,17,5),(154,1743646292,'2025-04-13',8,12,5),(155,1743646292,'2025-04-13',13,17,5),(156,1743646292,'2025-04-15',8,12,5),(157,1743646292,'2025-04-15',13,17,5),(158,1743646292,'2025-04-17',13,12,5),(159,1743646292,'2025-04-22',8,12,5),(160,1743646292,'2025-04-22',13,17,5),(161,1743646292,'2025-04-24',13,17,5),(162,1743646292,'2025-04-29',8,12,5),(163,1743646292,'2025-04-29',13,17,5),(164,1743646292,'2025-05-01',8,17,5),(165,1743646292,'2025-05-06',8,12,5),(166,1743646292,'2025-05-06',13,17,5),(167,1743646292,'2025-05-08',8,12,5),(168,1743646292,'2025-05-13',8,12,5),(169,1743646292,'2025-05-13',13,17,5),(170,1743646292,'2025-05-15',13,12,5),(171,1743646292,'2025-04-03',8,12,5),(172,1743646292,'2025-04-05',8,12,5),(173,1743646292,'2025-04-05',13,17,5),(174,1743646292,'2025-04-08',8,12,5),(175,1743646292,'2025-04-08',13,17,5),(176,1743646292,'2025-04-09',13,17,5),(177,1743646292,'2025-04-10',13,17,5),(178,1743646292,'2025-04-17',8,12,5),(179,1743646292,'2025-04-17',13,17,5),(180,1743646292,'2025-04-22',13,12,5),(181,1743646292,'2025-04-24',8,12,5),(182,1743646292,'2025-04-29',13,12,5),(183,1743646292,'2025-05-01',8,12,5),(184,1743646292,'2025-05-01',13,17,5),(185,1743646292,'2025-05-08',13,17,5),(186,1743646292,'2025-05-15',8,12,5),(187,1743646292,'2025-05-15',13,17,5),(188,1743646292,'2025-04-02',8,12,5),(189,1743646292,'2025-04-04',13,17,5),(190,1743646292,'2025-04-06',8,12,5),(191,1743646292,'2025-04-07',8,12,5),(192,1743646292,'2025-04-07',13,17,5),(193,1743646292,'2025-04-16',8,12,5),(194,1743646292,'2025-04-02',13,17,5),(195,1743646292,'2025-04-11',8,12,5),(196,1743646292,'2025-04-29',8,17,5),(197,1743646292,'2025-05-07',8,12,5),(198,1743646292,'2025-04-17',8,17,5),(199,1743646292,'2025-05-08',8,17,5),(200,1743646579,'2025-04-02',8,12,5),(201,1743646579,'2025-04-03',8,12,5),(202,1743646579,'2025-04-04',13,17,5),(203,1743646579,'2025-04-05',8,12,5),(204,1743646579,'2025-04-06',8,12,5),(205,1743646579,'2025-04-06',13,17,5),(206,1743646579,'2025-04-07',8,12,5),(207,1743646579,'2025-04-07',13,17,5),(208,1743646579,'2025-04-08',8,12,5),(209,1743646579,'2025-04-10',8,12,5),(210,1743646579,'2025-04-10',13,17,5),(211,1743646579,'2025-04-11',13,17,5),(212,1743646579,'2025-04-14',8,12,5),(213,1743646579,'2025-04-14',13,17,5),(214,1743646579,'2025-04-21',8,12,5),(215,1743646579,'2025-04-21',13,17,5),(216,1743646579,'2025-04-28',8,12,5),(217,1743646579,'2025-04-28',13,17,5),(218,1743646579,'2025-05-05',8,12,5),(219,1743646579,'2025-05-05',13,17,5),(220,1743646579,'2025-05-12',8,12,5),(221,1743646579,'2025-05-12',13,17,5),(222,1743646579,'2025-05-19',8,12,5),(223,1743646579,'2025-05-19',13,17,5),(224,1743646579,'2025-04-23',8,12,5),(225,1743646579,'2025-04-30',8,12,5),(226,1743646579,'2025-04-03',13,17,5),(227,1743646579,'2025-04-04',8,12,5),(228,1743646579,'2025-04-09',8,12,5),(229,1743646579,'2025-04-11',8,12,5),(230,1743646579,'2025-04-12',8,12,5),(231,1743646579,'2025-04-12',13,17,5),(232,1743646579,'2025-04-13',8,12,5),(233,1743646579,'2025-04-05',13,17,5),(234,1743646579,'2025-04-21',13,12,5),(235,1743646579,'2025-04-28',13,12,5),(236,1743646579,'2025-05-05',8,17,5),(237,1743646579,'2025-04-08',13,17,5),(238,1743646579,'2025-04-21',8,17,5),(239,1743646579,'2025-04-28',8,17,5),(240,1743646579,'2025-05-05',13,12,5),(241,1743646579,'2025-05-12',8,17,5),(242,1743646579,'2025-05-19',13,12,5),(243,1743646771,'2025-04-04',13,17,5),(244,1743646771,'2025-04-05',13,17,5),(245,1743646771,'2025-04-08',13,17,5),(246,1743646771,'2025-04-10',8,12,5),(247,1743646771,'2025-04-11',13,17,5),(248,1743646771,'2025-04-12',8,12,5),(249,1743646771,'2025-04-12',13,17,5),(250,1743646771,'2025-04-19',8,12,5),(251,1743646771,'2025-04-19',13,17,5),(252,1743646771,'2025-04-20',13,17,5),(253,1743646771,'2025-04-26',8,12,5),(254,1743646771,'2025-04-26',13,17,5),(255,1743646771,'2025-04-27',13,12,5),(256,1743646771,'2025-05-03',8,12,5),(257,1743646771,'2025-05-03',13,17,5),(258,1743646771,'2025-05-04',13,17,5),(259,1743646771,'2025-05-10',8,12,5),(260,1743646771,'2025-05-10',13,17,5),(261,1743646771,'2025-05-11',13,17,5),(262,1743646771,'2025-05-17',8,12,5),(263,1743646771,'2025-05-17',13,17,5),(264,1743646771,'2025-05-18',13,17,5),(265,1743646771,'2025-05-14',8,12,5),(266,1743646771,'2025-05-14',13,17,5),(267,1743646771,'2025-04-02',13,17,5),(268,1743646771,'2025-04-04',8,12,5),(269,1743646771,'2025-04-05',8,12,5),(270,1743646771,'2025-04-06',8,12,5),(271,1743646771,'2025-04-06',13,17,5),(272,1743646771,'2025-04-07',8,12,5),(273,1743646771,'2025-04-09',13,17,5),(274,1743646771,'2025-04-13',8,12,5),(275,1743646771,'2025-04-20',8,12,5),(276,1743646771,'2025-04-26',8,17,5),(277,1743646771,'2025-04-27',8,12,5),(278,1743646771,'2025-04-27',13,17,5),(279,1743646771,'2025-05-03',8,17,5),(280,1743646771,'2025-05-04',8,12,5),(281,1743646771,'2025-05-11',8,12,5),(282,1743646771,'2025-05-18',8,12,5),(283,1743646771,'2025-04-02',8,12,5),(284,1743646771,'2025-04-08',8,12,5),(285,1743646771,'2025-04-09',8,12,5),(286,1743646771,'2025-04-13',13,17,5),(287,1743646771,'2025-04-03',8,12,5),(288,1743646771,'2025-04-11',8,12,5),(289,1743646771,'2025-04-20',8,17,5),(290,1743646771,'2025-05-04',13,12,5),(291,1743647169,'2025-04-02',8,12,5),(292,1743647169,'2025-04-02',13,17,5),(293,1743647169,'2025-04-04',8,12,5),(294,1743647169,'2025-04-04',13,17,5),(295,1743647169,'2025-04-06',13,17,5),(296,1743647169,'2025-04-07',8,12,5),(297,1743647169,'2025-04-08',8,12,5),(298,1743647169,'2025-04-09',8,12,5),(299,1743647169,'2025-04-10',13,17,5),(300,1743647169,'2025-04-11',8,12,5),(301,1743647169,'2025-04-13',8,12,5),(302,1743647169,'2025-04-09',13,17,5),(303,1743647169,'2025-04-15',8,12,5),(304,1743647169,'2025-04-15',13,17,5),(305,1743647169,'2025-04-20',13,17,5),(306,1743647169,'2025-04-22',8,12,5),(307,1743647169,'2025-04-22',13,17,5),(308,1743647169,'2025-04-27',8,12,5),(309,1743647169,'2025-04-29',8,12,5),(310,1743647169,'2025-04-29',13,17,5),(311,1743647169,'2025-05-04',13,12,5),(312,1743647169,'2025-05-06',8,12,5),(313,1743647169,'2025-05-06',13,17,5),(314,1743647169,'2025-05-11',8,17,5),(315,1743647169,'2025-05-13',8,12,5),(316,1743647169,'2025-05-13',13,17,5),(317,1743647169,'2025-05-18',13,17,5),(318,1743647169,'2025-05-07',13,17,5),(319,1743647169,'2025-04-20',8,12,5),(320,1743647169,'2025-04-27',13,17,5),(321,1743647169,'2025-05-04',8,12,5),(322,1743647169,'2025-05-04',13,17,5),(323,1743647169,'2025-05-11',8,12,5),(324,1743647169,'2025-05-11',13,17,5),(325,1743647169,'2025-05-18',8,12,5),(326,1743647169,'2025-03-30',13,17,5),(327,1743647668,'2025-04-15',8,12,5),(328,1743647668,'2025-04-15',13,17,5),(329,1743647668,'2025-04-22',8,12,5),(330,1743647668,'2025-04-22',13,17,5),(331,1743647668,'2025-04-29',8,12,5),(332,1743647668,'2025-04-29',13,17,5),(333,1743647668,'2025-05-06',8,12,5),(334,1743647668,'2025-05-06',13,17,5),(335,1743647668,'2025-05-13',8,12,5),(336,1743647668,'2025-05-13',13,17,5),(337,1743647668,'2025-03-31',8,12,5),(338,1743647668,'2025-04-15',8,17,5),(339,1743647668,'2025-04-22',13,12,5),(340,1743647668,'2025-04-29',13,12,5),(341,1743647668,'2025-05-06',13,12,5),(342,1743647668,'2025-03-31',13,17,5),(343,1743647668,'2025-05-13',8,17,5),(344,1743647668,'2025-04-30',13,17,5),(345,1743647668,'2025-04-15',13,12,5),(346,1743647677,'2025-04-19',8,12,5),(347,1743647677,'2025-04-19',13,17,5),(348,1743647677,'2025-04-20',8,12,5),(349,1743647677,'2025-04-20',13,17,5),(350,1743647677,'2025-04-26',8,12,5),(351,1743647677,'2025-04-26',13,17,5),(352,1743647677,'2025-04-27',8,12,5),(353,1743647677,'2025-04-27',13,17,5),(354,1743647677,'2025-05-03',8,12,5),(355,1743647677,'2025-05-03',13,17,5),(356,1743647677,'2025-05-04',8,12,5),(357,1743647677,'2025-05-04',13,17,5),(358,1743647677,'2025-05-10',8,12,5),(359,1743647677,'2025-05-10',13,17,5),(360,1743647677,'2025-05-11',8,12,5),(361,1743647677,'2025-05-11',13,17,5),(362,1743647677,'2025-05-17',8,12,5),(363,1743647677,'2025-05-17',13,17,5),(364,1743647677,'2025-05-18',8,12,5),(365,1743647677,'2025-05-18',13,17,5),(366,1743647785,'2025-03-19',8,20,5),(367,1743647785,'2025-03-20',12,15,5),(368,1743647785,'2025-03-26',8,12,5),(369,1743647785,'2025-03-26',13,17,5),(370,1743647785,'2025-03-27',8,12,5),(371,1743647785,'2025-03-31',8,12,5),(372,1743647785,'2025-03-31',13,17,5),(373,1743647785,'2025-04-01',8,12,5),(374,1743647785,'2025-03-21',8,12,5),(375,1743647785,'2025-03-20',8,12,5),(376,1743647785,'2025-04-02',13,17,5),(377,1743647785,'2025-04-03',13,17,5),(378,1743647785,'2025-04-05',13,17,5),(379,1743647785,'2025-04-07',8,12,5),(380,1743647785,'2025-04-08',13,17,5),(381,1743647785,'2025-04-09',8,12,5),(382,1743647785,'2025-04-10',13,17,5),(383,1743647785,'2025-04-11',13,17,5),(384,1743647785,'2025-04-12',13,17,5),(385,1743647785,'2025-04-13',13,17,5),(386,1743647785,'2025-04-15',8,12,5),(387,1743647785,'2025-04-15',13,17,5),(388,1743647785,'2025-04-19',8,12,5),(389,1743647785,'2025-04-22',8,12,5),(390,1743647785,'2025-04-22',13,17,5),(391,1743647785,'2025-04-26',8,12,5),(392,1743647785,'2025-04-29',8,12,5),(393,1743647785,'2025-04-29',13,17,5),(394,1743647785,'2025-05-03',8,12,5),(395,1743647785,'2025-05-06',8,12,5),(396,1743647785,'2025-05-06',13,17,5),(397,1743647785,'2025-05-10',13,12,5),(398,1743647785,'2025-05-13',8,12,5),(399,1743647785,'2025-05-13',13,17,5),(400,1743647785,'2025-05-17',13,17,5),(401,1743647785,'2025-04-19',13,17,5),(402,1743647785,'2025-04-26',13,17,5),(403,1743647785,'2025-05-03',13,17,5),(404,1743647785,'2025-05-10',8,12,5),(405,1743647785,'2025-05-10',13,17,5),(406,1743647785,'2025-05-17',8,12,5),(407,1743647785,'2025-04-04',13,17,5),(408,1743647785,'2025-04-15',13,12,5),(409,1743647785,'2025-04-22',8,17,5),(410,1743647785,'2025-04-29',13,12,5);
/*!40000 ALTER TABLE `SupervisorSchedules` ENABLE KEYS */;
UNLOCK TABLES;

--
-- Table structure for table `Supervisors`
--

DROP TABLE IF EXISTS `Supervisors`;
/*!40101 SET @saved_cs_client     = @@character_set_client */;
/*!50503 SET character_set_client = utf8mb4 */;
CREATE TABLE `Supervisors` (
  `supervisor_id` int NOT NULL AUTO_INCREMENT,
  `name` varchar(50) NOT NULL,
  `professional_info` text,
  `password_HashwithSalt` varchar(255) NOT NULL,
  `salt` varchar(255) NOT NULL,
  PRIMARY KEY (`supervisor_id`)
) ENGINE=InnoDB AUTO_INCREMENT=1743648348 DEFAULT CHARSET=utf8mb4 COLLATE=utf8mb4_0900_ai_ci;
/*!40101 SET character_set_client = @saved_cs_client */;

--
-- Dumping data for table `Supervisors`
--

LOCK TABLES `Supervisors` WRITE;
/*!40000 ALTER TABLE `Supervisors` DISABLE KEYS */;
INSERT INTO `Supervisors` VALUES (24,'x12345',NULL,'KG8dztw2IlPl8NPVuWx+3JtXLyzb5qGbSFJssRH5WAw=','axYY5fZLIuHcCwqZObNqdw=='),(25,'y12345',NULL,'5eVX+bQhFv8xyB9dEwDnQ086bjrAcMj7slyLo1GyvjM=','I6xRjcxT9q9koOa/K2fKiQ=='),(26,'z12345',NULL,'bIVc5PYwrrz3OMGDKxsOnLq89Zr1TQlPRVheBrSmXzE=','0A6jdJzktj/mH6ARIuJR8g=='),(1743646292,'花花','怪诞心理学','5gSplS/c0vWlsz05AteEcd2hM4lc1JVguee8MsZHo64=','fsGYB3h7PoSqbv3vdtqFqA=='),(1743646579,'李华','行为主义','g9KfLAT0DOhFFcpyihQVRd8YfNaRr4DHocJzCtCPe6E=','JpIuSzyv4CtZ62OgAmVwEQ=='),(1743646771,'曲奇','','xS4nz5SU8+5m0b6w6gL6O/xzgThlMZyYSVxEBxECR30=','sEXq3m6Uo+RgAcjNddVHgw=='),(1743647169,'小周','怪诞心理学','4kHnNAyswDkzxLdrJ50rE5KgengiXNSNtbI+jeH7ALk=','Yk55cT1KbyjSt22G4hHTVQ=='),(1743647668,'花傲天','','lvnffF98Wi8qy/9bEz4qcTfPI9c21HGBFBJgdicmbm8=','YJpXFEnw7sggg1vhYeV5Hw=='),(1743647677,'Jay','','j5kNV2lbzvEgO5RlQbwgnfjQthVpxVJRDf1d7geaAOI=','3XTVwG1YrhSy8ydxjYnD4Q=='),(1743647785,'Cat','人本主义心理学','/EFrMgxvybi5tOVkPr4bnqt44+YURd6SERRaNTYQ+bc=','6WSaEqS7JVSwor76zGIw+Q==');
/*!40000 ALTER TABLE `Supervisors` ENABLE KEYS */;
UNLOCK TABLES;

--
-- Table structure for table `Users`
--

DROP TABLE IF EXISTS `Users`;
/*!40101 SET @saved_cs_client     = @@character_set_client */;
/*!50503 SET character_set_client = utf8mb4 */;
CREATE TABLE `Users` (
  `user_id` int NOT NULL AUTO_INCREMENT,
  `username` varchar(20) NOT NULL,
  `password_HashwithSalt` varchar(255) NOT NULL,
  `salt` varchar(255) NOT NULL,
  `email` varchar(100) DEFAULT NULL,
  `phone` varchar(20) DEFAULT NULL,
  `register_date` datetime DEFAULT CURRENT_TIMESTAMP,
  PRIMARY KEY (`user_id`),
  UNIQUE KEY `username` (`username`)
) ENGINE=InnoDB AUTO_INCREMENT=79 DEFAULT CHARSET=utf8mb4 COLLATE=utf8mb4_0900_ai_ci;
/*!40101 SET character_set_client = @saved_cs_client */;

--
-- Dumping data for table `Users`
--

LOCK TABLES `Users` WRITE;
/*!40000 ALTER TABLE `Users` DISABLE KEYS */;
INSERT INTO `Users` VALUES (1,'atestuser','jeVrxakOkL80Boh8Kuz2+k7d5T8MsX7t0IdtGCuB26I=','Msx5Bm4gsP4iuSFpG/vVEw==','leta@outlook.com','16830366101','2025-03-20 09:04:48'),(2,'btestuser','y/dOUmc6V7bev3fElrEV8Nb9+FBCwgG0p3Tj7jlCS4k=','sdnDu9xL5P+IxsPeIalrBw==','letb@outlook.com','16830366102','2025-03-20 10:43:31'),(3,'ctestuser','HiaNX4EIXlhQ2wJBtSW/pjZ4Y8qtOBCudR3nUCH1uj4=','SDtrwsCj1p6kiSx6mj6CdQ==','letc@outlook.com','16830366103','2025-03-20 10:43:31'),(4,'dtestuser','jnhwZyeJ87M91wCM1RYc1NdV5gXVIaLjqEgc7XzGXp4=','z5oUEN4rgtGAHFvcu5IIjA==','letd@outlook.com','16830366104','2025-03-20 10:43:31'),(5,'etestuser','x9WX/XINFZYBC/T9sKeLJ6MR5mC9MuHpGmjYy6Jt62Y=','WwPEDuhnF+o/T+/EWyliDA==','lete@outlook.com','16830366105','2025-03-20 10:44:49'),(6,'ftestuser','+puJ7bsmVb/B6vaQJSO5TyJM+G8wfqIL3Oo6bDZwIm4=','M6MXlq/mn0mwVG0JIX0VeA==','letf@outlook.com','16830366106','2025-03-20 10:44:49'),(7,'gtestuser','WR6uMmZ+HO6sY8n4720wwYy4Jz4tXP0cFbZ26exh5E0=','+z8Z6z7T3qwE/RRhZNABLA==','letg@outlook.com','16830366107','2025-03-20 10:44:49'),(8,'htestuser','hyUwRUWOO+ZLiDlAIoVYCBp9+1EN6a8B74bSBlFvPRU=','bC9nUDK4rKp9CckVhnziIg==','leth@outlook.com','16830366108','2025-03-20 10:45:37'),(9,'itestuser','b646ff5DyZGY20d5Tsx75pvKDfsNgDQiBqqFaMtcjgM=','d81rl2Jnc4Q1vhad4c923A==','leti@outlook.com','16830366109','2025-03-20 10:46:34'),(10,'jtestuser','UCpera9pkFTDd0IKp3L8eycaeq3Z+qP0W8lwZgJcg3o=','JwSyD+SEMQr+OnUI/WglJA==','letj@outlook.com','16830366111','2025-03-20 10:46:34'),(11,'ktestuser','mLI73Igr6cE9+jJo06qO5ncYuHMftknQ9D4JuqbMd3c=','YYXiGm+oY0mJMmoU3dco+g==','letk@outlook.com','16830366112','2025-03-20 10:46:34'),(12,'ltestuser','/xiJx5zhUaaO04olcyOsCQABRvdc0q+9+oJM6XqzClo=','YyCR/Mlr/yA9JKhiUm1eSw==','letl@outlook.com','16830366113','2025-03-20 10:47:55'),(13,'mtestuser','dJmubO8xkyOMyDRZGOaps0/kzwUuipqETwnphDhusB8=','0GsOkSdJRg7IsNTEAt0H1w==','letm@outlook.com','16830366114','2025-03-20 10:47:55'),(14,'ntestuser','k4UK8Gxhg59IaAtD7q0C6SWaze+aeQmhM2rDRLZjeeo=','8+EYCMcGlXG16UpwgK1chA==','letn@outlook.com','16830366115','2025-03-20 10:47:55'),(15,'33','/+iqN41xgZYse49GWZeLiKcb3gPeaNSbFajgGdRhFAE=','XG8SLVlo26GuQFcuaU9APQ==','empty@qq.com','1234567890','2025-04-02 10:33:33'),(16,'44','Z/Gw8qogeRpm9HZhJtwOgXZ5EJIX8cnyi4bCD5JqfTU=','Clmnbvk2bXDO/R42P2Y46g==','empty@qq.com','1234567890','2025-04-02 10:33:41'),(17,'55','3oPqKrk8g++8rDClzpzQT/xCQMASt1Oo42XddkfFfi4=','rcQXNhZNy8+CsXB9vC9l3A==','empty@qq.com','1234567890','2025-04-02 10:33:46'),(18,'66','bWxDhKdZWOmkA0E7ytDrP/66wLtHoMmuffbnEL61AiM=','/ODNBwrHQKXnQ1bVDLeOfg==','empty@qq.com','1234567890','2025-04-02 10:33:49'),(19,'77','4tqjvEN5Y1vsuvzosbQb9jNxeBOVGntHBVkimlXvUmE=','Xvhqso+rQntw8B5Y/+iXJQ==','empty@qq.com','1234567890','2025-04-02 10:33:53'),(20,'88','Ou4vLHiDyGNJBw3egmPCsBiZRHeXqrkPNqO3V+XlGPM=','3MLecGtuTt14WXCvRSyXhw==','empty@qq.com','1234567890','2025-04-02 10:33:56'),(21,'99','L/vzpYIUsjtXOPvoym2/4c/4ugKHv2EgnW72Tljwr/Q=','GyU8Dbceegcyvbl4itpFWA==','empty@qq.com','1234567890','2025-04-02 10:33:59'),(22,'10','warVMpJ5l/Ziw3xkNTa4RsLRxtwK00wY9Jbdz1hIeA4=','ZIbjhBvD3h+WgrM4hODa/A==','empty@qq.com','1234567890','2025-04-02 10:34:04'),(23,'11','mjmR9maukv+xoH2SCzYUgOBdjakD7yZtBuPvUd1InK0=','CLw5N3Oar+he0CqvfXzv2w==','empty@qq.com','1234567890','2025-04-02 10:34:11'),(24,'12','WTih36dcturquT1eIMXXmbHHv+svzvcl87i+Ix7o4U8=','PZSqaFMb/75UyEtUGj+n7A==','empty@qq.com','1234567890','2025-04-02 10:34:20'),(25,'13','VOaNZUPcKrISFsJXjsZTjBqIR8Cf/aFbCxZhzyMlYKs=','Ly/9nR4vexTdQ3t6WfIeoA==','empty@qq.com','1234567890','2025-04-02 10:34:29'),(26,'15','IwLZ+319VQBIpqHpE61/IePpt1Hj6Opeovq8onDQui8=','81Qo6gbejjtzLB9kejehmA==','empty@qq.com','1234567890','2025-04-02 10:34:37'),(27,'aa','8ghZhoKkf8ZDf8YIYiVww9s3mtK9hlNYg4W/I7Dfgjc=','Pql3pfhDRvoGtOBIK+B4sA==','empty@qq.com','1234567890','2025-04-02 10:35:04'),(28,'bb','+8r8qXfsuImOiA4L6+Z9BLcm/nSzRAX9S+LTL2wjcUU=','QzcoAyeHP+LiugNBuphsJA==','empty@qq.com','1234567890','2025-04-02 10:35:07'),(29,'qq','thm8o38+TGyszxvOC1pHO86mr0Va7I7rSW0SJZOCQP8=','z+GwvsXgMVIhZ+1GbuZzug==','empty@qq.com','1234567890','2025-04-02 10:35:10'),(30,'ww','viakVqEGvjsfkOaFgABfHLqm1FEFZ1cPQnpWHGTg/gQ=','BB6deuN2b7HnwTgCrOyBdQ==','empty@qq.com','1234567890','2025-04-02 10:35:13'),(31,'rr','fjjhawXgihuM7unicqX+b990f8MFFdurKb3FK43UyCQ=','BYfq+OxlSQ+TzEe+OclI/A==','empty@qq.com','1234567890','2025-04-02 10:35:18'),(32,'rzzr','/ubAoQpJjtEcIB9PPW4sh+UBQpLsMe0Put0rHPOsXJ4=','KQsUCUe7dWOSsC/JUV0VMQ==','empty@qq.com','1234567890','2025-04-02 10:35:22'),(33,'zz','GmZFKr8Ci4fGxEAulWwg8t+KNQGMt8hROlMOIXFCywg=','9WS957asaY1tzj0WHYYJcw==','empty@qq.com','1234567890','2025-04-02 10:35:24'),(34,'ll','0EehAkWy8/nQ4jcKt+1yCMRSlR5t2Z/gRsrz2qyPtx8=','CYWf99rhHqB1M4JmYVGqzg==','empty@qq.com','1234567890','2025-04-02 10:35:28'),(35,'oo','0UbpXSABGehAFD4qP6qMCnhWyGF0VyW8O+8cndfK1Ds=','y1MTfSMwl740YNOQkyD0Yg==','empty@qq.com','1234567890','2025-04-02 10:35:30'),(36,'676','VOnlc9y+EwO2kbCeB07cS8LgdAkxtNq7aW/D0FTuE6M=','7OtSCdhQSDCR3oG1dyjU5g==','empty@qq.com','1234567890','2025-04-02 10:35:35'),(37,'wuwu','hn4j5kIPfk1Tofle/QoQ6jAgIavW4UPP6X3hO/fpq0U=','UjQnWuDyGgNeYtByfkjZOA==','empty@qq.com','1234567890','2025-04-02 10:35:40'),(38,'df','+kyAhQEO6+70pi2skH9knP+6lajzOOKV/Qe4mxHtt4Q=','oP8xB57hjWRsH1o1Jt5ZKA==','empty@qq.com','1234567890','2025-04-02 10:36:12'),(39,'asd','ehfsFeoNgopuR0SjDeVPQjPCI0x1khcuzfCKsY3zGfM=','DbH66DtwvHm+TKw4ZJHIHw==','empty@qq.com','1234567890','2025-04-02 10:36:14'),(40,'vfd','U9WA3SaDSmPWx0W1FF8ElbRPVCiQzgBsN1XGqrp0wK8=','ggyHb3UNJooRM3vBA4bcsQ==','empty@qq.com','1234567890','2025-04-02 10:36:17'),(41,'jack','+BR6boVp5U/MwyK/AtB5Ylw6W58FkAJBthqvtxkOPgI=','sDpxP+GxfpRt+Gr0nWNZzA==','empty@qq.com','1234567890','2025-04-02 10:36:21'),(42,'mokey','nlsWKE+fImlA/MdE7z+b6QOH5OTDMI3+ru9My20rILg=','4iz6IW9366Fs/2xM6q71cg==','empty@qq.com','1234567890','2025-04-02 10:36:27'),(43,'aayc','r2vXVUkxB6LwK+oXUW/k0CFrSFoeUaaXdAILYJZqbl4=','rPh3hq5w8agShf+tYJdH/Q==','2803023760@qq.com','15355464223','2025-04-07 18:57:56'),(44,'111111','Ov9+Vv5XAjU3loQkzyjKyzaKjns5+fiaN8F6cjYs18E=','hRNBd1gZE3SbbhURdSWbaw==','2803023760@qq.com','15355464223','2025-04-07 19:23:23'),(45,'111aaa','5OEhtgFW3d+tCJ5rShTryplvOFdYs9bJg2nyf/rXpOo=','r6omnQGnM7xhO7QHctkRFQ==','2803023760@qq.com','15355464223','2025-04-07 20:12:21'),(51,'202547','40Z6T0qQgGO2jbd3ncUtPhUn1qahmwwW3vsjRF7jpsQ=','Is+H2jGoLggASKXfRfdxvw==','2803023760@qq.com','15355464223','2025-04-07 20:31:51'),(52,'susan','0D58SiiFTZvDyem/H4FO49Mmk4y4RohCfAlbBtdStvo=','TB6VyY5yJT1q7nH0XflF3Q==','12345@qq.com','1234567','2025-04-07 20:36:17'),(53,'苏三三三三','QO5ut04JeVZaYLUmzpXCDX2TUBQbrMMdBM64NC/zuuQ=','A31nU1W+tZ6gukf6n3thyA==','2803023760@qq.com','15355464223','2025-04-07 20:41:09'),(54,'你好','GtY+EXT5OXrdXb4f+HD1evFxTQ9YfZ5ZVjPMq5I4454=','yltiFXbIsNe6oeXYcVCoFw==','2803023760@qq.com','15355464223','2025-04-07 21:23:51'),(55,'11111111','vWjaCvg/s21FQrJth5pSMdbCK64tSfLI0wPEd+6Y4gY=','zVf8DnwLJHhbK8J2p0hrhg==','4417798071375740472','15355464223','2025-04-08 13:38:19'),(56,'aayc1122','wNU939G76JSkEw5WyCdoiOQmlT1mPCajUaMaBbZAWIQ=','QNY0giuUO9Z+02Y+Wu/Qgw==','4417798071375740472','15355464223','2025-04-08 14:02:45'),(60,'曲奇宝宝','LfSZBUPo+bp1Dgkldo+7fn+tgugQZcmUstgQGUDhzsY=','tIaC36oHVknM3ApNkGSdbQ==','cookie123@qq.com','13812345678','2025-04-08 14:33:07'),(61,'123456789','SSwb2QCBMQda9Y3xw2ZjogSz0t3/hvcIy6KVdOqhZDM=','tsaiir08smeWnPf0+aRLaw==','jack321@gmail.com','13987654321','2025-04-08 14:38:38'),(62,'杰克Jack123','h8cBq8+vvPkovXQo3oUxgcRhJZYgEsgEnVXwToB4mQo=','ER7Hr62AgpNgXH17yzKXqg==','13876543210','jackson_23@163.com','2025-04-08 14:40:34'),(63,'validUser','JzT0juOHao47SePVFNxb5IYHPaHMJYkBI9N2IACtifA=','+YjhzzQtrg5Df/+pHtgwOQ==','jackson123@outlook.com','12345','2025-04-08 14:43:40'),(64,'mama','FMwc+yaY3aRAHZLpIVRBIrHcfODLXL0+aQJ7LC9sjpc=','7KFOZcNLSvvWG06mijn4WQ==','mama@qq.com','','2025-04-08 14:45:01'),(65,'Bob2023','tzGJknaYOBIIFntT7BhtjF4wzt2sV95+h5zmD8xuRFI=','XPEvhJqaXFABqWwXl7KsxA==','','13823456789','2025-04-08 14:45:51'),(66,'lily','kL1891bFyP62ddB3vtsgAOyrIEXY7NfhHw/0KcLt/i0=','bv7CNjXlggskTvvvlvbuMw==','lily_2023@outlook.com','13765432109','2025-04-08 14:52:08'),(67,'1111111111','DF190OF/l8YFA5O7g2TeSoQki/tMh1NtsFKZ86PcDUE=','kYSbLA2+ZF1OhBuNYOZ1Gw==','','','2025-04-08 16:27:06'),(68,'202549','SPvuOUQmVKxWi6+JYktV/bQUT/H9i8QZ16wjr5calbY=','08rjU6jgssUt3weC8Wl9yA==','2803023760@qq.com','','2025-04-09 08:10:53'),(69,'haha','XJmU4Fsawf7YvPXddEy1YtFTuzUReJ0BnaExpnsOU/M=','lF+YjYcKrPnq7tkOe9jq9g==','','','2025-04-09 08:16:05'),(70,'曲奇bb','IE4bHai6zHtQKgYu/GwswuO95V5wHuhrEVU/AncDQK4=','ehihQrlA7kb8M0UxPUKE1A==','2803023760@qq.com','15355464223','2025-04-09 08:23:38'),(71,'2025491','jKTt2RGsX2qmBm2CJ+TmDGloU4NpH0OevlE9X4x2ViU=','ymk/G9kyvPvmG6EY158lqA==','2803023760@qq.com','15355464223','2025-04-09 10:10:54'),(72,'as','qMY+xed8EXEysyuuFvTjn0Het15eV2VVD2va7NVv1U8=','fnxXGMC8daYMG4GxtMbCtQ==','2803023760@qq.com','13179791234','2025-04-09 10:25:36'),(73,'曲奇','5a4vVB5i9T8TT24LoCV7a7TCuuz2UqV/yGdvl1ZXr3Q=','V40ShwrOwPZ/ibIywzHvow==','quqi@qq.com','13194797978','2025-04-10 10:35:02'),(74,'花花宝宝','S6HitUM0MNhDA/rPukSaaAp0cTB8axuTu7EzcSU/+EE=','eOjnYMZ0mTRgyQjxM6L8jA==','123@qq.com','1317878787878','2025-04-10 10:37:55'),(76,'妮妮','uHwu4KPch8yNR0VzfCpVElVfabO5EkMNurlWLLFd8+I=','I5y8EBZNwykoMFuSm3VK6w==','123@qq.com','13112121212','2025-04-10 10:39:04'),(78,'沂沂','Aw1x0mDncHkXprAorKMZrVWvfyPb2thM7GArjVhmnwc=','WXI+uwAn7ZdCCly7XhN+AA==','123@qq.com','13113131313','2025-04-10 10:42:23');
/*!40000 ALTER TABLE `Users` ENABLE KEYS */;
UNLOCK TABLES;

--
-- Final view structure for view `ConsultantDailyAvailability`
--

/*!50001 DROP VIEW IF EXISTS `ConsultantDailyAvailability`*/;
/*!50001 SET @saved_cs_client          = @@character_set_client */;
/*!50001 SET @saved_cs_results         = @@character_set_results */;
/*!50001 SET @saved_col_connection     = @@collation_connection */;
/*!50001 SET character_set_client      = utf8mb4 */;
/*!50001 SET character_set_results     = utf8mb4 */;
/*!50001 SET collation_connection      = utf8mb4_unicode_ci */;
/*!50001 CREATE ALGORITHM=UNDEFINED */
/*!50013 DEFINER=`root`@`%` SQL SECURITY DEFINER */
/*!50001 VIEW `ConsultantDailyAvailability` AS with recursive `DateRange` as (select (curdate() + interval 1 day) AS `available_date` union all select (`DateRange`.`available_date` + interval 1 day) AS `available_date + INTERVAL 1 DAY
    ` from `DateRange` where (`DateRange`.`available_date` < (curdate() + interval 6 day))), `Hours` as (select 8 AS `hour` union all select 9 AS `9` union all select 10 AS `10` union all select 11 AS `11` union all select 12 AS `12` union all select 13 AS `13` union all select 14 AS `14` union all select 15 AS `15` union all select 16 AS `16` union all select 17 AS `17`), `ConsultantHours` as (select `c`.`consultant_id` AS `consultant_id`,`dr`.`available_date` AS `available_date`,`h`.`hour` AS `hour`,`cs`.`status` AS `status`,`cs`.`start_time` AS `start_time`,`cs`.`end_time` AS `end_time`,`cs`.`slot_capacity` AS `slot_capacity` from (((`Consultants` `c` join `DateRange` `dr`) join `Hours` `h`) join `ConsultantSchedules` `cs` on(((`c`.`consultant_id` = `cs`.`consultant_id`) and (`cs`.`available_date` = `dr`.`available_date`) and (`cs`.`start_time` <= `h`.`hour`) and (`h`.`hour` < `cs`.`end_time`) and (`cs`.`status` = 'normal'))))), `AppointmentsCount` as (select `Appointments`.`consultant_id` AS `consultant_id`,`Appointments`.`appointment_date` AS `appointment_date`,hour(`Appointments`.`appointment_time`) AS `hour`,count(0) AS `appointment_count` from `Appointments` where ((`Appointments`.`appointment_date` between (curdate() + interval 1 day) and (curdate() + interval 6 day)) and (hour(`Appointments`.`appointment_time`) between 8 and 17) and (`Appointments`.`status` = 'booked')) group by `Appointments`.`consultant_id`,`Appointments`.`appointment_date`,hour(`Appointments`.`appointment_time`)), `HourlyAvailability` as (select `ch`.`consultant_id` AS `consultant_id`,`ch`.`available_date` AS `available_date`,`ch`.`hour` AS `hour`,(case when ((`ch`.`status` = 'normal') and (`ch`.`start_time` <= `ch`.`hour`) and (`ch`.`hour` < `ch`.`end_time`) and ((`ac`.`appointment_count` is null) or (`ac`.`appointment_count` < `ch`.`slot_capacity`))) then 1 else 0 end) AS `available` from (`ConsultantHours` `ch` left join `AppointmentsCount` `ac` on(((`ch`.`consultant_id` = `ac`.`consultant_id`) and (`ch`.`available_date` = `ac`.`appointment_date`) and (`ch`.`hour` = `ac`.`hour`))))) select `HourlyAvailability`.`consultant_id` AS `consultant_id`,`HourlyAvailability`.`available_date` AS `available_date`,max((case when (`HourlyAvailability`.`hour` = 8) then `HourlyAvailability`.`available` else 0 end)) AS `hour_8_available`,max((case when (`HourlyAvailability`.`hour` = 9) then `HourlyAvailability`.`available` else 0 end)) AS `hour_9_available`,max((case when (`HourlyAvailability`.`hour` = 10) then `HourlyAvailability`.`available` else 0 end)) AS `hour_10_available`,max((case when (`HourlyAvailability`.`hour` = 11) then `HourlyAvailability`.`available` else 0 end)) AS `hour_11_available`,max((case when (`HourlyAvailability`.`hour` = 12) then `HourlyAvailability`.`available` else 0 end)) AS `hour_12_available`,max((case when (`HourlyAvailability`.`hour` = 13) then `HourlyAvailability`.`available` else 0 end)) AS `hour_13_available`,max((case when (`HourlyAvailability`.`hour` = 14) then `HourlyAvailability`.`available` else 0 end)) AS `hour_14_available`,max((case when (`HourlyAvailability`.`hour` = 15) then `HourlyAvailability`.`available` else 0 end)) AS `hour_15_available`,max((case when (`HourlyAvailability`.`hour` = 16) then `HourlyAvailability`.`available` else 0 end)) AS `hour_16_available`,max((case when (`HourlyAvailability`.`hour` = 17) then `HourlyAvailability`.`available` else 0 end)) AS `hour_17_available` from `HourlyAvailability` group by `HourlyAvailability`.`consultant_id`,`HourlyAvailability`.`available_date` order by `HourlyAvailability`.`consultant_id`,`HourlyAvailability`.`available_date` */;
/*!50001 SET character_set_client      = @saved_cs_client */;
/*!50001 SET character_set_results     = @saved_cs_results */;
/*!50001 SET collation_connection      = @saved_col_connection */;

--
-- Final view structure for view `CurrentAvailability`
--

/*!50001 DROP VIEW IF EXISTS `CurrentAvailability`*/;
/*!50001 SET @saved_cs_client          = @@character_set_client */;
/*!50001 SET @saved_cs_results         = @@character_set_results */;
/*!50001 SET @saved_col_connection     = @@collation_connection */;
/*!50001 SET character_set_client      = utf8mb4 */;
/*!50001 SET character_set_results     = utf8mb4 */;
/*!50001 SET collation_connection      = utf8mb4_unicode_ci */;
/*!50001 CREATE ALGORITHM=UNDEFINED */
/*!50013 DEFINER=`root`@`%` SQL SECURITY DEFINER */
/*!50001 VIEW `CurrentAvailability` AS select `cs`.`consultant_id` AS `consultant_id`,coalesce(sum((case when (`css`.`session_status` = 'active') then 1 else 0 end)),0) AS `active_sessions`,coalesce(sum((case when (`css`.`session_status` = 'ready') then 1 else 0 end)),0) AS `ready_sessions`,(case when ((coalesce(sum((case when (`css`.`session_status` = 'active') then 1 else 0 end)),0) < `cs`.`slot_capacity`) and ((timestampdiff(MINUTE,now(),((now() + interval 1 hour) - interval minute(now()) minute)) >= 30) or (coalesce(sum((case when (`css`.`session_status` = 'ready') then 1 else 0 end)),0) < `cs`.`slot_capacity`))) then 1 else 0 end) AS `is_available` from (`ConsultantSchedules` `cs` left join `ConsultationSessions` `css` on(((`cs`.`consultant_id` = `css`.`consultant_id`) and (cast(`css`.`start_time` as date) = `cs`.`available_date`) and (hour(`css`.`start_time`) between `cs`.`start_time` and (`cs`.`end_time` - 1))))) where ((`cs`.`available_date` = curdate()) and (`cs`.`start_time` <= hour(now())) and (hour(now()) < `cs`.`end_time`) and (`cs`.`status` = 'normal')) group by `cs`.`consultant_id`,`cs`.`slot_capacity` */;
/*!50001 SET character_set_client      = @saved_cs_client */;
/*!50001 SET character_set_results     = @saved_cs_results */;
/*!50001 SET collation_connection      = @saved_col_connection */;
/*!40103 SET TIME_ZONE=@OLD_TIME_ZONE */;

/*!40101 SET SQL_MODE=@OLD_SQL_MODE */;
/*!40014 SET FOREIGN_KEY_CHECKS=@OLD_FOREIGN_KEY_CHECKS */;
/*!40014 SET UNIQUE_CHECKS=@OLD_UNIQUE_CHECKS */;
/*!40101 SET CHARACTER_SET_CLIENT=@OLD_CHARACTER_SET_CLIENT */;
/*!40101 SET CHARACTER_SET_RESULTS=@OLD_CHARACTER_SET_RESULTS */;
/*!40101 SET COLLATION_CONNECTION=@OLD_COLLATION_CONNECTION */;
/*!40111 SET SQL_NOTES=@OLD_SQL_NOTES */;

-- Dump completed on 2025-04-10 10:46:06
